platform,platform_label,problem_size,configuration,num_threads,runtime_s_session_cv_pct,energy_j_session_cv_pct,throughput_gflops_session_cv_pct,power_w_session_cv_pct,temperature_c_session_cv_pct,runtime_stable_5pct,energy_stable_5pct,throughput_stable_5pct
3090,RTX 3090,64,gpu_resident,-1,0.010729673508934617,0.8245135981146945,0.010729259247243297,0.8048885243808118,1.5582355243900974,True,True,True
5060ti,RTX 5060 Ti,64,gpu_resident,-1,0.44115006213449554,0.5597626177151899,0.44286770897122146,0.9471083012270789,1.7503347835440912,True,True,True
AMD,AMD CPU,64,1T,1,0.3443949482967324,0.8796970296060224,0.343550373457237,0.5396918809109518,2.5621864773744636,True,True,True
AMD,AMD CPU,64,2T,2,0.5609890452303586,1.5220792598775676,0.5593219938172269,0.9504889981347752,4.811082363394304,True,True,True
AMD,AMD CPU,64,4T,4,0.49608875632028854,1.223041051045786,0.49519816413466344,0.7234380976042791,3.255960259394352,True,True,True
AMD,AMD CPU,64,8T,8,0.42059310355230495,1.0054480474368632,0.41945812241440367,0.5909744165654641,3.3768985534125378,True,True,True
AMD,AMD CPU,64,10T,10,0.42715150819812525,0.9634719486433436,0.425292190249818,0.5166484156021218,2.3078197647689582,True,True,True
AMD,AMD CPU,64,16T,16,0.31845962258800653,0.6837534640873569,0.3197078058635928,0.40289784010929525,2.3890355966467274,True,True,True
AMD,AMD CPU,64,20T,20,0.30153385733543275,0.5832432870166426,0.3015723832843162,0.2801084793352395,1.4184397163120568,True,True,True
AMD,AMD CPU,64,32T,32,0.32059202093505396,0.881568392035326,0.3203794278472833,0.6049819043630456,2.816901408450704,True,True,True
AMD,AMD CPU,64,64T,64,0.4726181617014771,1.0496909661841423,0.47365574053307563,0.5928056657838568,3.443955628765901,True,True,True
INTEL,Intel CPU,64,1T,1,5.691411194492092,12.169633882632173,5.620428147656396,7.62667742303501,1.4624944906308837,False,False,False
INTEL,Intel CPU,64,2T,2,5.432399819760841,14.329639962383869,5.326992326356913,9.143962004094469,6.783060138332169,False,False,False
INTEL,Intel CPU,64,4T,4,4.447267656335022,9.410935757999491,4.5907075484766455,6.5076006880336354,0.8349429230261678,True,False,True
INTEL,Intel CPU,64,8T,8,5.731721044979005,5.864775021698531,5.964929023413835,2.6613633353110897,0.22609382987864404,False,False,False
INTEL,Intel CPU,64,10T,10,4.211214013923632,15.025553616360318,4.244420607568667,11.157275715721482,6.803185163811339,True,False,True
INTEL,Intel CPU,64,16T,16,6.857826053371805,17.918936810269816,6.604092026461567,12.491677137760087,8.437877228800861,False,False,False
INTEL,Intel CPU,64,20T,20,5.981615927145932,11.669009942669916,6.0475928546776085,7.379387371731928,0.45310394680846805,False,False,False
3090,RTX 3090,128,gpu_resident,-1,0.09773408192342392,0.3916170827671086,0.09771224487076394,0.4508011709406203,1.9456918517050137,True,True,True
5060ti,RTX 5060 Ti,128,gpu_resident,-1,0.4699803008759057,1.0121670336834991,0.47069282631743004,1.365864665106822,1.4142135623730951,True,True,True
AMD,AMD CPU,128,1T,1,0.3343290440334049,0.7107821525853655,0.33338810914030464,0.502635226842891,1.7691186988338259,True,True,True
AMD,AMD CPU,128,2T,2,0.5903294378623327,0.336394148783834,0.5919561125766508,0.665220117414036,1.472790991078723,True,True,True
AMD,AMD CPU,128,4T,4,0.4713112559906356,0.6513413597729677,0.472383485659033,0.23860316839583076,2.2954953293091664,True,True,True
AMD,AMD CPU,128,8T,8,2.272271004771417,1.6590252133745076,2.2704056776244768,0.6894876314881794,6.111269818746623,True,True,True
AMD,AMD CPU,128,10T,10,18.2648079891316,13.733426795861226,24.083614955266214,6.15409660323571,4.3549181476063135,False,False,False
AMD,AMD CPU,128,16T,16,18.72002776269564,14.219867022857153,24.81538336637196,6.1799736259367295,6.393809284424901,False,False,False
AMD,AMD CPU,128,20T,20,2.899316790431793,2.5787070447721026,2.889051969250008,0.3599169357578471,1.1838383807748547,True,True,True
AMD,AMD CPU,128,32T,32,1.8826322007326095,2.0855465718828294,1.883246485505884,0.5244773103094784,9.639194931531623,True,True,True
AMD,AMD CPU,128,64T,64,17.472251969699567,13.080103571686497,22.74330312376248,5.881954571298226,6.843991939007355,False,False,False
INTEL,Intel CPU,128,1T,1,3.61475181707672,10.00241116118176,3.795317591202639,7.099695147199864,0.5799468082905077,True,False,True
INTEL,Intel CPU,128,2T,2,3.7536604732622476,7.958372654395689,3.7157782598244116,6.859803948455568,8.680921180502766,True,False,True
INTEL,Intel CPU,128,4T,4,4.078116904867313,8.082035575457548,3.9837655440319995,5.698252985236308,9.397960392098351,True,False,True
INTEL,Intel CPU,128,8T,8,5.4340732798347045,2.544952487989961,5.398877612507722,6.404800670555404,8.206341777468207,False,True,False
INTEL,Intel CPU,128,10T,10,2.5088622834684315,4.732442952038585,2.5114136915714864,3.5499042323763197,3.946003309876705,True,True,True
INTEL,Intel CPU,128,16T,16,5.721207893918187,3.271609795750688,5.405125664160496,4.808596706573761,5.251371762174582,False,True,False
INTEL,Intel CPU,128,20T,20,1.947387830283258,6.791738182168166,1.9923518387997607,5.133667171610084,7.419329437841699,True,False,True
3090,RTX 3090,256,gpu_resident,-1,0.007207005110052682,0.6225378011194314,0.007207270647075936,0.6222283002217164,1.06988898444966,True,True,True
5060ti,RTX 5060 Ti,256,gpu_resident,-1,0.02077556238032565,0.40466195361592106,0.020779934907477444,0.40733532075909645,1.641077801216641,True,True,True
AMD,AMD CPU,256,1T,1,2.4549356733351533,2.6076764223404005,2.394288908443026,0.5566683926755049,3.0014335268453554,True,True,True
AMD,AMD CPU,256,2T,2,1.4966481705351407,2.1399176824978925,1.5099624573820296,1.2040275770821758,2.032951893263373,True,True,True
AMD,AMD CPU,256,4T,4,0.5433180502059657,0.8484130268882922,0.5436746495926932,0.343571382251505,3.5030596683497923,True,True,True
AMD,AMD CPU,256,8T,8,22.184699993515416,15.331336773908504,31.442796992967764,10.096876831467943,7.037836873583677,False,False,False
AMD,AMD CPU,256,10T,10,2.666085820621908,2.1053889022778605,2.6951997061073296,0.7281055057916787,2.217215042120336,True,True,True
AMD,AMD CPU,256,16T,16,4.793389610928557,3.262905310967988,4.614775413991702,1.5870947098562243,6.055721616949386,True,True,True
AMD,AMD CPU,256,20T,20,1.3639686417442898,0.863832027919338,1.36742345265905,0.6197170359184558,2.0780582094740714,True,True,True
AMD,AMD CPU,256,32T,32,6.406104600021528,6.334664033085277,6.015787774085027,0.9633397136631369,4.179890984366365,False,False,False
AMD,AMD CPU,256,64T,64,9.01175079165799,7.8753442318366496,8.259670382306032,1.1602879550690826,3.6735215787358206,False,False,False
INTEL,Intel CPU,256,1T,1,3.464674590215479,9.421156033544221,3.611169033791675,6.310374337788944,0.27746836753047927,True,False,True
INTEL,Intel CPU,256,2T,2,2.6559643716661,7.370644781147258,2.5911843366929723,4.8566268166624775,5.373836042717645,True,False,True
INTEL,Intel CPU,256,4T,4,2.612141000956207,8.938437543197582,2.6007343237939335,7.995794326077647,9.773947431265748,True,False,True
INTEL,Intel CPU,256,8T,8,2.8635155823207055,3.245914959091479,2.845758745823953,3.0885617988169485,5.848976518656018,True,True,True
INTEL,Intel CPU,256,10T,10,1.2958311288421398,3.8888097616234396,1.2862566459084852,3.1386172102241217,5.140488614212293,True,True,True
INTEL,Intel CPU,256,16T,16,2.9185999664216027,1.1298118696482702,2.8728470446412304,2.819624289795242,2.2167160929119425,True,True,True
INTEL,Intel CPU,256,20T,20,3.863426138852181,3.679328439185454,3.7993479617322756,5.773633404372607,1.4724625997084093,True,True,True
3090,RTX 3090,512,gpu_resident,-1,0.16650666548084161,3.804863028003155,0.16648819810080293,3.8421605190867485,2.3248271119422137,True,True,True
5060ti,RTX 5060 Ti,512,gpu_resident,-1,1.081078255625365,1.2098965464326437,1.065648276934374,0.5313556970250454,2.8082486373623734,True,True,True
AMD,AMD CPU,512,1T,1,1.3489502087041967,1.2871705868886147,1.342053440185811,0.9900714781684162,2.8971724570720814,True,True,True
AMD,AMD CPU,512,2T,2,1.5439434154396499,1.3008362503986068,1.5312988095742295,0.5098552143960386,2.6449542542509845,True,True,True
AMD,AMD CPU,512,4T,4,1.5975982416458776,1.1863467063983717,1.6154051830309253,0.45894365734970277,2.0575669377835406,True,True,True
AMD,AMD CPU,512,8T,8,18.740268521693896,12.331816781591884,25.013263187561584,8.783723451273294,6.095871666538518,False,False,False
AMD,AMD CPU,512,10T,10,1.7292066751914081,1.0971294370125813,1.7221002529187188,0.7076453942450774,3.4169516400720226,True,True,True
AMD,AMD CPU,512,16T,16,4.88002512594758,2.766281526768417,5.07667866680443,2.2081851259018954,2.2327195008468763,True,True,False
AMD,AMD CPU,512,20T,20,4.793829854912313,2.782343764110178,4.658196966086958,1.9708783685902367,1.36986301369863,True,True,True
AMD,AMD CPU,512,32T,32,9.220117032801074,6.3938783426090415,9.550337600071883,3.038253822760301,5.870075293230057,False,False,False
AMD,AMD CPU,512,64T,64,16.20696696914587,11.610002191681522,13.568471381866523,3.8182607023671786,6.8726360332095755,False,False,False
INTEL,Intel CPU,512,1T,1,6.569965251772869,11.783743506721818,6.681394919047651,6.491135124853986,1.2249841890938244,False,False,False
INTEL,Intel CPU,512,2T,2,4.510330370932309,8.790692161228955,4.466387614178693,5.319092451966341,6.91411636285604,True,False,True
INTEL,Intel CPU,512,4T,4,3.718105752964666,4.628232641407793,3.7441700797684474,2.99383377110568,7.665534333581044,True,True,True
INTEL,Intel CPU,512,8T,8,3.185776954033049,3.6603585253335487,3.1577170237903505,3.165191526613588,6.150497216361469,True,True,True
INTEL,Intel CPU,512,10T,10,2.0025031392416826,4.731827870728769,1.995813956096321,5.655980652427713,11.446592942958542,True,True,True
INTEL,Intel CPU,512,16T,16,1.9387711640205056,2.8281589570620236,1.9010306227605802,2.2274999725475118,3.6484015620841097,True,True,True
INTEL,Intel CPU,512,20T,20,1.0540256282571208,3.275954524228587,1.049476412354788,2.8854543729921756,6.269619830551797,True,True,True
3090,RTX 3090,1024,gpu_resident,-1,0.16976575265336868,1.101077941064336,0.16956784223622126,0.9969059223321163,3.9649361777034184,True,True,True
5060ti,RTX 5060 Ti,1024,gpu_resident,-1,0.2779057373437165,1.9997135054311355,0.2782029803318207,1.6460281011454543,4.350407434735288,True,True,True
AMD,AMD CPU,1024,1T,1,1.0127051005887646,0.9885216142534704,1.0203360425601222,0.7522980660439159,3.0406826889953305,True,True,True
AMD,AMD CPU,1024,2T,2,0.7971567429915084,1.5012410792087525,0.8033566868772845,1.1815862351603017,2.1289059199340348,True,True,True
AMD,AMD CPU,1024,4T,4,0.6192316730870651,0.7521429020721423,0.6189595080130537,0.24017283212164175,2.1881261842979756,True,True,True
AMD,AMD CPU,1024,8T,8,0.870849560393386,0.412574733282694,0.8714826337582978,0.5234039323860915,3.8580617079556667,True,True,True
AMD,AMD CPU,1024,10T,10,2.0296569707976557,1.4217795887032147,2.0239967935103578,0.681920547599664,3.623822168693484,True,True,True
AMD,AMD CPU,1024,16T,16,1.1158140256001057,0.8073852470565193,1.1083377905602927,0.4900624172273477,1.5648254860363007,True,True,True
AMD,AMD CPU,1024,20T,20,0.8923842429713217,0.6976280696439783,0.892190196933256,0.30063419039453315,2.1397579292615485,True,True,True
AMD,AMD CPU,1024,32T,32,5.029621856866292,2.6855117959713777,4.725003375159812,2.185004524570372,2.265193573311538,False,True,True
AMD,AMD CPU,1024,64T,64,4.3355293692426455,4.309443725659594,4.553589740930368,0.05844277744986574,2.8233782309111564,True,True,True
INTEL,Intel CPU,1024,1T,1,6.135802956307359,10.17536793024096,6.065770572830929,8.024951578651871,3.012664704598009,False,False,False
INTEL,Intel CPU,1024,2T,2,5.6267431416541145,9.114585157904052,5.563237448827899,5.553413634122503,5.975330597908378,False,False,False
INTEL,Intel CPU,1024,4T,4,4.353544536064283,4.18979849488742,4.277321034885257,5.625326868610321,3.288898467361234,True,True,True
INTEL,Intel CPU,1024,8T,8,4.5379695175781825,3.9199208714236007,4.318336208828386,5.544084474249356,7.95824408237423,True,True,True
INTEL,Intel CPU,1024,10T,10,3.5682363320868156,2.8525084690981464,3.530567136625865,4.71889192094558,6.515653348283447,True,True,True
INTEL,Intel CPU,1024,16T,16,2.995501449453255,3.097668129636372,3.0364703550736154,2.726092846843905,6.441348083332727,True,True,True
INTEL,Intel CPU,1024,20T,20,6.644407664933957,2.930052614695173,6.163420825549161,7.307847696702738,4.902396873229291,False,True,False
3090,RTX 3090,2048,gpu_resident,-1,0.17348407613669217,0.32760158920972243,0.1734586694148259,0.25240644015305674,1.744339355111994,True,True,True
5060ti,RTX 5060 Ti,2048,gpu_resident,-1,0.21707154069683998,1.1632446596625363,0.21644183318120921,0.9617887584087573,1.7711181582067241,True,True,True
AMD,AMD CPU,2048,1T,1,0.9227759385376326,0.4325423563359909,0.9226311854485804,0.7717079735836581,3.1606319261718423,True,True,True
AMD,AMD CPU,2048,2T,2,1.3805795451120555,1.7410370366959074,1.376836001596277,0.9344094283602387,2.072890493972125,True,True,True
AMD,AMD CPU,2048,4T,4,0.6205687456869319,0.5552120588761248,0.6195958084127334,0.18813540847955104,1.511857892036909,True,True,True
AMD,AMD CPU,2048,8T,8,1.0695447609313187,0.6587683140885723,1.0843731971934543,0.5275178154018578,1.517565331426424,True,True,True
AMD,AMD CPU,2048,10T,10,1.0895879166489895,1.1950813745490285,1.0887689925247717,0.5550673613724177,3.9427043085703217,True,True,True
AMD,AMD CPU,2048,16T,16,0.5666537975498727,0.3933760353257655,0.5625828557844818,0.30082248056494704,0.6195956532863869,True,True,True
AMD,AMD CPU,2048,20T,20,1.579946568169006,0.7890739738374061,1.5702738334433743,1.0206081228579096,2.054735490705576,True,True,True
AMD,AMD CPU,2048,32T,32,6.330226963459021,6.335514467434091,6.197420556109854,0.012956459751669125,5.406669603035364,False,False,False
AMD,AMD CPU,2048,64T,64,1.469847475285482,1.1107210348619014,1.4777794131943167,0.842166306723495,3.1000794177576396,True,True,True
INTEL,Intel CPU,2048,1T,1,4.271947874600016,13.302172268968949,4.228932720886692,9.445950799220983,14.97425774660395,True,False,True
INTEL,Intel CPU,2048,2T,2,4.337107710134695,4.226246505933246,4.37636281925401,2.985875909410911,0.45082015675398984,True,True,True
INTEL,Intel CPU,2048,4T,4,2.742394340525021,6.000583448697971,2.7458029386294305,6.574129313642541,6.933196930445141,True,False,True
INTEL,Intel CPU,2048,8T,8,4.955395967136717,1.7848687053412877,4.868876438145227,3.6248996125941466,5.074113290394113,True,True,True
INTEL,Intel CPU,2048,10T,10,2.8768490785411975,3.3180795518183808,2.800463289866208,3.772222122877989,7.292845505553167,True,True,True
INTEL,Intel CPU,2048,16T,16,2.079074264135965,3.678500525973931,2.042910144934578,3.1268427153203535,7.3452082138902846,True,True,True
INTEL,Intel CPU,2048,20T,20,2.2349020126369035,4.781099251932611,2.2467900115773616,4.476726598021536,10.557109563079745,True,True,True
3090,RTX 3090,4096,gpu_resident,-1,0.10772818346260289,0.4610351995479918,0.10772759984094316,0.41589150163316807,2.4034470504125354,True,True,True
5060ti,RTX 5060 Ti,4096,gpu_resident,-1,0.2620765220389516,1.3363429361244652,0.2623277808253934,1.248365901374352,2.278380763100222,True,True,True
AMD,AMD CPU,4096,1T,1,1.2036534010809983,2.5687874791719416,1.202716545001737,1.5861136353966954,2.7071072262829925,True,True,True
AMD,AMD CPU,4096,2T,2,1.8522449865031276,1.8101194062021837,1.8591953711557736,0.8013053702075348,2.9927460426059285,True,True,True
AMD,AMD CPU,4096,4T,4,1.105198641208999,1.0661186490350179,1.107339050537336,0.3356243299475717,2.9895495040277864,True,True,True
AMD,AMD CPU,4096,8T,8,0.8690037827611364,0.5400016992235517,0.8722610360402214,0.33930933355866205,2.1683108258244306,True,True,True
AMD,AMD CPU,4096,10T,10,0.6614967234886937,0.47370856838170916,0.6634276400564658,0.35280964000070014,3.601045161462847,True,True,True
AMD,AMD CPU,4096,16T,16,1.2837943318031384,0.9257797739681545,1.2899557196367533,0.37982469219477705,1.493517160412978,True,True,True
AMD,AMD CPU,4096,20T,20,1.0792841900296288,0.969593195545359,1.079452364246442,0.2357840681538388,4.183858485718843,True,True,True
AMD,AMD CPU,4096,32T,32,3.5614354002915705,2.3978086128313576,3.53871093686231,1.4033455952351914,2.5571285641588575,True,True,True
AMD,AMD CPU,4096,64T,64,3.650085683892758,2.705483548748282,3.7217724641131853,1.0714144977153082,5.319363869701104,True,True,True
INTEL,Intel CPU,4096,1T,1,4.533506813797482,12.470850121525508,4.603031274318965,8.281379393094792,7.169035726986707,True,False,True
INTEL,Intel CPU,4096,2T,2,4.315275703216539,5.835000254814847,4.160308753579372,4.267451113214766,5.329044754994112,True,False,True
INTEL,Intel CPU,4096,4T,4,4.2322508724106775,4.094243786881359,4.161823736897956,4.297960582719841,6.528073806405587,True,True,True
INTEL,Intel CPU,4096,8T,8,4.302450510001318,2.8711914361747457,4.201981021026701,6.042683791167596,2.221998204889112,True,True,True
INTEL,Intel CPU,4096,10T,10,1.707422127806496,0.4680519689394574,1.704797848789114,1.7345842089831436,0.5510287298844728,True,True,True
INTEL,Intel CPU,4096,16T,16,0.8401277690261976,2.189058351434039,0.835816115456179,2.1524356953638453,5.030009765336951,True,True,True
INTEL,Intel CPU,4096,20T,20,0.8811011679680579,2.847433799426758,0.8815731104778531,3.4107288580128725,0.8998261478872394,True,True,True
3090,RTX 3090,8192,gpu_resident,-1,0.10713085614944884,0.49627865619506933,0.1071198725300738,0.46071103041246964,1.8419635300470725,True,True,True
5060ti,RTX 5060 Ti,8192,gpu_resident,-1,0.20071718501914632,0.39516713664163217,0.20036428058163402,0.35977888029963917,1.6035120849614497,True,True,True
AMD,AMD CPU,8192,1T,1,1.410147046605513,1.5265228085479954,1.415075755937988,0.40913359474778255,1.5386982794860165,True,True,True
AMD,AMD CPU,8192,2T,2,1.146171361266205,1.1879041131855712,1.1477274371502302,0.36107455719865406,3.2577140777096614,True,True,True
AMD,AMD CPU,8192,4T,4,0.8796343734833594,0.7560132247947402,0.8887524474140359,0.31157553357278206,2.0050802751518924,True,True,True
AMD,AMD CPU,8192,8T,8,1.8836076873618601,1.1757028623368415,1.8700734205318965,0.7164497357189965,2.2314830697994594,True,True,True
AMD,AMD CPU,8192,10T,10,1.3241750689452447,0.73611732716486,1.30602062426413,0.5974164024862068,0.9706032790418511,True,True,True
AMD,AMD CPU,8192,16T,16,0.6672509654250451,0.46581791077648915,0.6687853270148453,0.19937954281117898,1.7692179201633091,True,True,True
AMD,AMD CPU,8192,20T,20,1.5326791596094766,1.532084572483621,1.5375800807714746,0.1349926255760284,4.574407624654303,True,True,True
AMD,AMD CPU,8192,32T,32,1.1662468052371178,1.239238263883625,1.1653586975233607,0.23584310497107377,5.058254392574577,True,True,True
AMD,AMD CPU,8192,64T,64,0.9861603025173594,1.096119120441977,0.9957121944939563,0.3342686491503542,0.6416263923959225,True,True,True
INTEL,Intel CPU,8192,1T,1,2.9781887716666815,9.450134178628561,2.985796878520048,7.473172305828743,5.022900472902048,True,False,True
INTEL,Intel CPU,8192,2T,2,4.513978726919482,3.8443005573767888,4.598350380691733,2.797896019957897,0.5746851941023882,True,True,True
INTEL,Intel CPU,8192,4T,4,3.637949619484855,4.810893105624726,3.4929117285401325,3.6265707917046606,4.270356127943618,True,True,True
INTEL,Intel CPU,8192,8T,8,2.0781155518019565,3.3553822171238807,2.0691160891616134,3.0234846930187387,4.643017573190957,True,True,True
INTEL,Intel CPU,8192,10T,10,3.8683810479497165,2.760811384419517,3.8238799464373487,5.248587444900584,7.117584031884519,True,True,True
INTEL,Intel CPU,8192,16T,16,2.790856037655377,3.032909201212776,2.763886692529778,5.585045186811541,0.4481098151302184,True,True,True
INTEL,Intel CPU,8192,20T,20,1.6245634226290433,2.176877994167778,1.6455109093961435,1.8096451235343667,0.4481098151302184,True,True,True
3090,RTX 3090,16384,gpu_resident,-1,0.07859980867711049,1.0062576229872366,0.07854731368099802,0.9663767836898017,1.5873015873015872,True,True,True
5060ti,RTX 5060 Ti,16384,gpu_resident,-1,0.006307526725888621,0.414120266909129,0.006307554576865644,0.3899599877530471,1.3622793244809737,True,True,True
AMD,AMD CPU,16384,1T,1,1.0694736923963875,1.3920505110596468,1.075214260334523,1.2250453029239918,0.6416263923959225,True,True,True
AMD,AMD CPU,16384,2T,2,1.0895928529747205,0.9420822191469926,1.0935980543924637,0.758422018302865,1.0035451268059083,True,True,True
AMD,AMD CPU,16384,4T,4,0.8302153551416387,0.6235743321041948,0.839355094535394,0.19820765796460268,0.5336677750596157,True,True,True
AMD,AMD CPU,16384,8T,8,1.294097172691938,0.9569434644237295,1.289987794347396,0.3939336006903987,1.558161024925755,True,True,True
AMD,AMD CPU,16384,10T,10,0.6934233632291109,0.5231556126861802,0.6938103893467211,0.2021037062814165,1.0095115022572416,True,True,True
AMD,AMD CPU,16384,16T,16,0.8859492560810734,0.7698592513558553,0.8900698354290021,0.31954157585574267,1.4296496502637386,True,True,True
AMD,AMD CPU,16384,20T,20,1.2106895318988042,1.1621510003378448,1.2096013207017906,0.06393833541654324,0.7827542511667874,True,True,True
AMD,AMD CPU,16384,32T,32,3.5932329506032596,3.6095398797109133,3.57850250753879,0.04269242597392867,2.9044614078621223,True,True,True
AMD,AMD CPU,16384,64T,64,1.703438101225875,1.7444460198617078,1.7131072165716987,0.44070563820334513,2.840986732521395,True,True,True
INTEL,Intel CPU,16384,1T,1,1.8204642421572288,2.0367612439505245,1.7933373210777654,1.8452705101616533,4.085134885427421,True,True,True
INTEL,Intel CPU,16384,2T,2,3.637475915380614,6.84335136729067,3.5672416965698948,3.670496816204078,3.8597389881284094,True,False,True
INTEL,Intel CPU,16384,4T,4,2.34193063532988,4.600956046831975,2.3574883789514782,3.071951518187533,0.9071269685597525,True,True,True
INTEL,Intel CPU,16384,8T,8,2.2073470419831667,5.419840625072575,2.2042068253158593,5.53988888684459,11.169968812921795,True,False,True
INTEL,Intel CPU,16384,10T,10,1.2042333128364666,0.9017166227810912,1.2199035906590314,0.3864310937871512,0.5510287298844728,True,True,True
INTEL,Intel CPU,16384,16T,16,3.2818123221666635,4.800636076036906,3.2419872303922697,7.782578192286253,0.5499222464911306,True,True,True
INTEL,Intel CPU,16384,20T,20,0.8980588058237412,2.7430737765418822,0.8959740824808945,3.49064065689144,0.7483550441065251,True,True,True
