platform,problem_size,working_set_gib,energy_opt_configuration,runtime_opt_configuration,energy_leaders,runtime_leaders,leader_set_overlap,leader_sets_disjoint,energy_selection_status,runtime_selection_status,runtime_opt_energy_penalty_pct,runtime_opt_runtime_gain_pct,interpretation
INTEL,1000000,0.011175870895385742,10T,10T,"10T,20T","10T,20T","10T,20T",False,tie_or_uncertain,tie_or_uncertain,0.0,0.0,no_tie_aware_conflict
INTEL,2000000,0.022351741790771484,10T,10T,"10T,16T,20T","10T,16T,20T","10T,16T,20T",False,tie_or_uncertain,tie_or_uncertain,0.0,0.0,no_tie_aware_conflict
INTEL,4000000,0.04470348358154297,2T,10T,"2T,4T","4T,8T,10T,16T",4T,False,tie_or_uncertain,tie_or_uncertain,48.9983994873399,20.226094502311376,no_tie_aware_conflict
INTEL,8000000,0.08940696716308594,2T,8T,"2T,4T","4T,8T",4T,False,tie_or_uncertain,tie_or_uncertain,42.90093602833511,18.22978286696493,no_tie_aware_conflict
INTEL,16000000,0.17881393432617188,2T,4T,"2T,4T","4T,8T",4T,False,tie_or_uncertain,tie_or_uncertain,6.359755236317799,15.504008823487524,no_tie_aware_conflict
INTEL,32000000,0.35762786865234375,2T,4T,2T,"4T,8T",,True,clear_leader,tie_or_uncertain,6.858286895390231,14.790146003913396,disjoint_but_at_least_one_uncertain
INTEL,64000000,0.7152557373046875,2T,4T,2T,"4T,8T,10T",,True,clear_leader,tie_or_uncertain,8.250603259317213,14.20092716567174,disjoint_but_at_least_one_uncertain
INTEL,128000000,1.430511474609375,2T,4T,2T,"4T,8T,10T,16T",,True,clear_leader,tie_or_uncertain,8.659335110985712,13.907877535901692,disjoint_but_at_least_one_uncertain
INTEL,256000000,2.86102294921875,2T,8T,"2T,4T","4T,8T,10T,16T,20T",4T,False,tie_or_uncertain,tie_or_uncertain,50.34733536387497,13.80709485651005,no_tie_aware_conflict
