schema_version,timestamp,session_id,sequence_index,run_id_global,repetition,workload,implementation,execution_mode,device_name,num_threads,problem_size,problem_spec,batches,e2e_time_s,kernel_time_s,wall_time_s,total_energy_j,device_energy_j,dram_energy_j,energy_per_op_j,energy_per_second_j,energy_per_flop_j,time_per_op_ms_kernel,time_per_op_ms_e2e,flops_total,gflops_per_s,logical_bytes_per_op,avg_power_w,runtime_status,pcie_gen,pcie_width,sm_clock_mhz,clock_before_mhz,clock_after_mhz,mem_clock_mhz,temp_c,temp_before_c,temp_after_c,throttle_reasons,cpu_cycles,cpu_instructions,cpu_ipc,cpu_cache_misses,checksum_ok
cpu-gpu-v2,2026-07-22T05:11:53,reduction_5060ti_20260722_050953_session2,1,1,1,REDUCTION,cub_device_reduce_sum_fp32,gpu_resident,NVIDIA GeForce RTX 5060 Ti,-1,8000000,elements=8000000,48856,1.000036305,1.00003485107,1.000036305,88.745,88.745,-1,0.00181646061896,88.7417782297,2.27057605752e-10,0.0204690283911,0.0204690581505,390847951144,390.834330148,32000004,88.7417782297,in_range,4,8,2775,2775,2775,13801,57,57,57,0x0,-1,-1,-1,-1,true
cpu-gpu-v2,2026-07-22T05:11:54,reduction_5060ti_20260722_050953_session2,2,2,2,REDUCTION,cub_device_reduce_sum_fp32,gpu_resident,NVIDIA GeForce RTX 5060 Ti,-1,8000000,elements=8000000,48856,1.000014182,1.00001544189,1.000014182,88.786,88.786,-1,0.00181729981988,88.7847408548,2.2716250588e-10,0.0204686311179,0.0204686053299,390847951144,390.841915804,32000004,88.7847408548,in_range,4,8,2775,2775,2775,13801,57,57,57,0x0,-1,-1,-1,-1,true
cpu-gpu-v2,2026-07-22T05:11:55,reduction_5060ti_20260722_050953_session2,3,3,3,REDUCTION,cub_device_reduce_sum_fp32,gpu_resident,NVIDIA GeForce RTX 5060 Ti,-1,8000000,elements=8000000,48856,1.000028639,1.00002990723,1.000028639,88.65,88.65,-1,0.00181451612903,88.6474612254,2.26814544481e-10,0.0204689271988,0.0204689012404,390847951144,390.836262315,32000004,88.6474612254,in_range,4,8,2775,2775,2775,13801,57,57,57,0x0,-1,-1,-1,-1,true
cpu-gpu-v2,2026-07-22T05:11:56,reduction_5060ti_20260722_050953_session2,4,4,4,REDUCTION,cub_device_reduce_sum_fp32,gpu_resident,NVIDIA GeForce RTX 5060 Ti,-1,8000000,elements=8000000,48856,1.000055158,1.00004278564,1.000055158,88.532,88.532,-1,0.00181210086786,88.5271170213,2.26512636796e-10,0.0204691907984,0.0204694440396,390847951144,390.831229178,32000004,88.5271170213,in_range,4,8,2775,2775,2775,13801,57,57,57,0x0,-1,-1,-1,-1,true
cpu-gpu-v2,2026-07-22T05:11:57,reduction_5060ti_20260722_050953_session2,5,5,5,REDUCTION,cub_device_reduce_sum_fp32,gpu_resident,NVIDIA GeForce RTX 5060 Ti,-1,8000000,elements=8000000,48856,1.000046254,1.00004797363,1.000046254,88.452,88.452,-1,0.00181046340265,88.4479089304,2.2630795362e-10,0.0204692969877,0.0204692617897,390847951144,390.829201647,32000004,88.4479089304,in_range,4,8,2775,2775,2775,13801,57,57,57,0x0,-1,-1,-1,-1,true
cpu-gpu-v2,2026-07-22T05:11:58,reduction_5060ti_20260722_050953_session2,6,6,6,REDUCTION,cub_device_reduce_sum_fp32,gpu_resident,NVIDIA GeForce RTX 5060 Ti,-1,8000000,elements=8000000,48856,1.00003025,1.00003240967,1.00003025,88.42,88.42,-1,0.00180980841657,88.4173253759,2.2622608035e-10,0.0204689784196,0.0204689342148,390847951144,390.835284302,32000004,88.4173253759,in_range,4,8,2775,2775,2775,13801,57,57,57,0x0,-1,-1,-1,-1,true
cpu-gpu-v2,2026-07-22T05:11:59,reduction_5060ti_20260722_050953_session2,7,7,7,REDUCTION,cub_device_reduce_sum_fp32,gpu_resident,NVIDIA GeForce RTX 5060 Ti,-1,8000000,elements=8000000,48856,1.000031568,1.00003295898,1.000031568,88.31,88.31,-1,0.00180755690192,88.3072123179,2.25944640983e-10,0.0204689896632,0.0204689611921,390847951144,390.835069617,32000004,88.3072123179,in_range,4,8,2775,2775,2775,13801,57,57,57,0x0,-1,-1,-1,-1,true
cpu-gpu-v2,2026-07-22T05:12:00,reduction_5060ti_20260722_050953_session2,8,8,8,REDUCTION,cub_device_reduce_sum_fp32,gpu_resident,NVIDIA GeForce RTX 5060 Ti,-1,8000000,elements=8000000,48856,1.000021775,1.00002368164,1.000021775,88.248,88.248,-1,0.00180628786638,88.2460784416,2.25786011521e-10,0.0204687997716,0.0204687607459,390847951144,390.838695442,32000004,88.2460784416,in_range,4,8,2775,2775,2775,13801,57,57,57,0x0,-1,-1,-1,-1,true
cpu-gpu-v2,2026-07-22T05:12:01,reduction_5060ti_20260722_050953_session2,9,9,9,REDUCTION,cub_device_reduce_sum_fp32,gpu_resident,NVIDIA GeForce RTX 5060 Ti,-1,8000000,elements=8000000,48856,1.000082543,1.00008435059,1.000082543,88.149,88.149,-1,0.00180426150319,88.1417245176,2.25532716091e-10,0.0204700415627,0.0204700045644,390847951144,390.814985671,32000004,88.1417245176,in_range,4,8,2775,2775,2775,13801,57,57,57,0x0,-1,-1,-1,-1,true
cpu-gpu-v2,2026-07-22T05:12:02,reduction_5060ti_20260722_050953_session2,10,10,10,REDUCTION,cub_device_reduce_sum_fp32,gpu_resident,NVIDIA GeForce RTX 5060 Ti,-1,8000000,elements=8000000,48856,1.0000478,1.00004949951,1.0000478,87.97,87.97,-1,0.0018005976748,87.965795235,2.25074737484e-10,0.0204693282199,0.0204692934338,390847951144,390.828605319,32000004,87.965795235,in_range,4,8,2775,2775,2775,13801,57,57,57,0x0,-1,-1,-1,-1,true
cpu-gpu-v2,2026-07-22T05:12:04,reduction_5060ti_20260722_050953_session2,11,11,1,REDUCTION,cub_device_reduce_sum_fp32,gpu_resident,NVIDIA GeForce RTX 5060 Ti,-1,16000000,elements=16000000,6738,1.063590829,1.06359082031,1.063590829,91.244,91.244,-1,0.0135417037697,85.7886299055,8.46356538501e-10,0.157849631985,0.157849633274,107807993262,101.362282565,64000004,85.7886299055,in_range,4,8,2790,2790,2790,13801,53,53,52,0x0,-1,-1,-1,-1,true
cpu-gpu-v2,2026-07-22T05:12:05,reduction_5060ti_20260722_050953_session2,12,12,2,REDUCTION,cub_device_reduce_sum_fp32,gpu_resident,NVIDIA GeForce RTX 5060 Ti,-1,16000000,elements=16000000,6738,1.063666296,1.06366174316,1.063666296,82.575,82.575,-1,0.0122551202137,77.6324306886,7.65945061229e-10,0.157860157786,0.157860833482,107807993262,101.355523929,64000004,77.6324306886,in_range,4,8,2790,2790,2790,13801,52,52,52,0x0,-1,-1,-1,-1,true
cpu-gpu-v2,2026-07-22T05:12:06,reduction_5060ti_20260722_050953_session2,13,13,3,REDUCTION,cub_device_reduce_sum_fp32,gpu_resident,NVIDIA GeForce RTX 5060 Ti,-1,16000000,elements=16000000,6738,1.063696514,1.06369616699,1.063696514,90.483,90.483,-1,0.013428762244,85.0646766339,8.39297692705e-10,0.157865266695,0.157865318195,107807993262,101.352243815,64000004,85.0646766339,in_range,4,8,2790,2790,2790,13801,52,52,52,0x0,-1,-1,-1,-1,true
cpu-gpu-v2,2026-07-22T05:12:07,reduction_5060ti_20260722_050953_session2,14,14,4,REDUCTION,cub_device_reduce_sum_fp32,gpu_resident,NVIDIA GeForce RTX 5060 Ti,-1,16000000,elements=16000000,6738,1.06360533,1.06360681152,1.06360533,90.313,90.313,-1,0.0134035322054,84.9121355945,8.37720815195e-10,0.157852005272,0.157851785396,107807993262,101.360758594,64000004,84.9121355945,in_range,4,8,2790,2790,2790,13801,52,52,52,0x0,-1,-1,-1,-1,true
cpu-gpu-v2,2026-07-22T05:12:09,reduction_5060ti_20260722_050953_session2,15,15,5,REDUCTION,cub_device_reduce_sum_fp32,gpu_resident,NVIDIA GeForce RTX 5060 Ti,-1,16000000,elements=16000000,6738,1.063642098,1.06362109375,1.063642098,82.814,82.814,-1,0.0122905906797,77.85889648,7.68161965493e-10,0.157854124926,0.157857242208,107807993262,101.359397529,64000004,77.85889648,in_range,4,8,2790,2790,2790,13801,52,52,52,0x0,-1,-1,-1,-1,true
cpu-gpu-v2,2026-07-22T05:12:10,reduction_5060ti_20260722_050953_session2,16,16,6,REDUCTION,cub_device_reduce_sum_fp32,gpu_resident,NVIDIA GeForce RTX 5060 Ti,-1,16000000,elements=16000000,6738,1.063598343,1.06360095215,1.063598343,90.664,90.664,-1,0.0134556248145,85.2427051967,8.40976603466e-10,0.157851135671,0.157850748442,107807993262,101.36131699,64000004,85.2427051967,in_range,4,8,2790,2790,2790,13801,52,52,52,0x0,-1,-1,-1,-1,true
cpu-gpu-v2,2026-07-22T05:12:11,reduction_5060ti_20260722_050953_session2,17,17,7,REDUCTION,cub_device_reduce_sum_fp32,gpu_resident,NVIDIA GeForce RTX 5060 Ti,-1,16000000,elements=16000000,6738,1.063629791,1.06363146973,1.063629791,90.345,90.345,-1,0.0134082813891,84.9402684698,8.38017639197e-10,0.157855664845,0.157855415702,107807993262,101.358408744,64000004,84.9402684698,in_range,4,8,2790,2790,2790,13801,52,52,52,0x0,-1,-1,-1,-1,true
cpu-gpu-v2,2026-07-22T05:12:12,reduction_5060ti_20260722_050953_session2,18,18,8,REDUCTION,cub_device_reduce_sum_fp32,gpu_resident,NVIDIA GeForce RTX 5060 Ti,-1,16000000,elements=16000000,6738,1.063622548,1.063625,1.063622548,82.807,82.807,-1,0.0122895517958,77.8537462897,7.68097035243e-10,0.15785470466,0.157854340754,107807993262,101.359025279,64000004,77.8537462897,in_range,4,8,2790,2790,2790,13801,52,52,52,0x0,-1,-1,-1,-1,true
cpu-gpu-v2,2026-07-22T05:12:13,reduction_5060ti_20260722_050953_session2,19,19,9,REDUCTION,cub_device_reduce_sum_fp32,gpu_resident,NVIDIA GeForce RTX 5060 Ti,-1,16000000,elements=16000000,6738,1.063578304,1.06357958984,1.063578304,90.819,90.819,-1,0.0134786286732,85.390045715,8.42414344726e-10,0.157847965248,0.157847774414,107807993262,101.363352862,64000004,85.390045715,in_range,4,8,2790,2790,2790,13801,52,52,52,0x0,-1,-1,-1,-1,true
cpu-gpu-v2,2026-07-22T05:12:14,reduction_5060ti_20260722_050953_session2,20,20,10,REDUCTION,cub_device_reduce_sum_fp32,gpu_resident,NVIDIA GeForce RTX 5060 Ti,-1,16000000,elements=16000000,6738,1.063562762,1.06356445312,1.063562762,82.022,82.022,-1,0.0121730483823,77.1200374163,7.60815571445e-10,0.157845718778,0.157845467795,107807993262,101.364795472,64000004,77.1200374163,in_range,4,8,2790,2790,2790,13801,52,52,52,0x0,-1,-1,-1,-1,true
cpu-gpu-v2,2026-07-22T05:12:17,reduction_5060ti_20260722_050953_session2,21,21,1,REDUCTION,cub_device_reduce_sum_fp32,gpu_resident,NVIDIA GeForce RTX 5060 Ti,-1,64000000,elements=64000000,1644,1.000356776,1.00035614014,1.000356776,83.074,83.074,-1,0.0505316301703,83.0443717612,7.89556733748e-10,0.608489136336,0.608489523114,105215998356,105.178540056,256000004,83.0443717612,in_range,4,8,2790,2790,2790,13801,52,52,52,0x0,-1,-1,-1,-1,true
cpu-gpu-v2,2026-07-22T05:12:18,reduction_5060ti_20260722_050953_session2,22,22,2,REDUCTION,cub_device_reduce_sum_fp32,gpu_resident,NVIDIA GeForce RTX 5060 Ti,-1,64000000,elements=64000000,1644,1.000446544,1.00044744873,1.000446544,82.956,82.956,-1,0.0504598540146,82.9189730301,7.88435231297e-10,0.608544676843,0.608544126521,105215998356,105.168940647,256000004,82.9189730301,in_range,4,8,2790,2790,2790,13801,52,52,52,0x0,-1,-1,-1,-1,true
cpu-gpu-v2,2026-07-22T05:12:19,reduction_5060ti_20260722_050953_session2,23,23,3,REDUCTION,cub_device_reduce_sum_fp32,gpu_resident,NVIDIA GeForce RTX 5060 Ti,-1,64000000,elements=64000000,1644,1.000421942,1.00042303467,1.000421942,82.836,82.836,-1,0.0503868613139,82.801062754,7.87294720331e-10,0.60852982644,0.6085291618,105215998356,105.171507162,256000004,82.801062754,in_range,4,8,2790,2790,2790,13801,52,52,52,0x0,-1,-1,-1,-1,true
cpu-gpu-v2,2026-07-22T05:12:20,reduction_5060ti_20260722_050953_session2,24,24,4,REDUCTION,cub_device_reduce_sum_fp32,gpu_resident,NVIDIA GeForce RTX 5060 Ti,-1,64000000,elements=64000000,1644,1.000412129,1.00041387939,1.000412129,82.583,82.583,-1,0.0502329683698,82.5489791718,7.84890143042e-10,0.608524257539,0.608523192822,105215998356,105.172469638,256000004,82.5489791718,in_range,4,8,2790,2790,2790,13801,52,52,52,0x0,-1,-1,-1,-1,true
cpu-gpu-v2,2026-07-22T05:12:21,reduction_5060ti_20260722_050953_session2,25,25,5,REDUCTION,cub_device_reduce_sum_fp32,gpu_resident,NVIDIA GeForce RTX 5060 Ti,-1,64000000,elements=64000000,1644,1.000451957,1.00045404053,1.000451957,83.602,83.602,-1,0.0508527980535,83.5642325601,7.94574982002e-10,0.608548686452,0.6085474191,105215998356,105.168247709,256000004,83.5642325601,in_range,4,8,2790,2790,2790,13801,52,52,52,0x0,-1,-1,-1,-1,true
cpu-gpu-v2,2026-07-22T05:12:22,reduction_5060ti_20260722_050953_session2,26,26,6,REDUCTION,cub_device_reduce_sum_fp32,gpu_resident,NVIDIA GeForce RTX 5060 Ti,-1,64000000,elements=64000000,1644,1.000418524,1.00042004395,1.000418524,83.478,83.478,-1,0.0507773722628,83.4430770696,7.93396454003e-10,0.608528007266,0.608527082725,105215998356,105.171821569,256000004,83.4430770696,in_range,4,8,2790,2790,2790,13801,52,52,52,0x0,-1,-1,-1,-1,true
cpu-gpu-v2,2026-07-22T05:12:23,reduction_5060ti_20260722_050953_session2,27,27,7,REDUCTION,cub_device_reduce_sum_fp32,gpu_resident,NVIDIA GeForce RTX 5060 Ti,-1,64000000,elements=64000000,1644,1.000449722,1.00045147705,1.000449722,83.406,83.406,-1,0.0507335766423,83.3685073481,7.92712147423e-10,0.60854712716,0.608546059611,105215998356,105.168517184,256000004,83.3685073481,in_range,4,8,2790,2790,2790,13801,52,52,52,0x0,-1,-1,-1,-1,true
cpu-gpu-v2,2026-07-22T05:12:24,reduction_5060ti_20260722_050953_session2,28,28,8,REDUCTION,cub_device_reduce_sum_fp32,gpu_resident,NVIDIA GeForce RTX 5060 Ti,-1,64000000,elements=64000000,1644,1.000446399,1.00044799805,1.000446399,83.303,83.303,-1,0.0506709245742,83.2658302167,7.91733208843e-10,0.608545010977,0.608544038321,105215998356,105.168882902,256000004,83.2658302167,in_range,4,8,2790,2790,2790,13801,52,52,52,0x0,-1,-1,-1,-1,true
cpu-gpu-v2,2026-07-22T05:12:25,reduction_5060ti_20260722_050953_session2,29,29,9,REDUCTION,cub_device_reduce_sum_fp32,gpu_resident,NVIDIA GeForce RTX 5060 Ti,-1,64000000,elements=64000000,1644,1.000466287,1.00046832275,1.000466287,83.112,83.112,-1,0.0505547445255,83.0732640169,7.89917895554e-10,0.608557373938,0.608556135645,105215998356,105.166746376,256000004,83.0732640169,in_range,4,8,2790,2790,2790,13801,52,52,52,0x0,-1,-1,-1,-1,true
cpu-gpu-v2,2026-07-22T05:12:26,reduction_5060ti_20260722_050953_session2,30,30,10,REDUCTION,cub_device_reduce_sum_fp32,gpu_resident,NVIDIA GeForce RTX 5060 Ti,-1,64000000,elements=64000000,1644,1.000437504,1.00043969727,1.000437504,83.08,83.08,-1,0.0505352798054,83.043668063,7.89613759296e-10,0.60853996184,0.608538627737,105215998356,105.169755502,256000004,83.043668063,in_range,4,8,2790,2790,2790,13801,52,52,52,0x0,-1,-1,-1,-1,true
cpu-gpu-v2,2026-07-22T05:12:29,reduction_5060ti_20260722_050953_session2,31,31,1,REDUCTION,cub_device_reduce_sum_fp32,gpu_resident,NVIDIA GeForce RTX 5060 Ti,-1,2000000,elements=2000000,122011,1.00000417,1.00000634766,1.00000417,88.386,88.386,-1,0.000724410094172,88.3856314319,3.62205228189e-10,0.00819603435474,0.00819601650671,244021877989,244.020329032,8000004,88.3856314319,in_range,4,8,2756,2752,2760,13801,57,57,57,0x0,-1,-1,-1,-1,true
cpu-gpu-v2,2026-07-22T05:12:30,reduction_5060ti_20260722_050953_session2,32,32,2,REDUCTION,cub_device_reduce_sum_fp32,gpu_resident,NVIDIA GeForce RTX 5060 Ti,-1,2000000,elements=2000000,122011,1.000009408,1.00001104736,1.000009408,88.435,88.435,-1,0.000724811697306,88.4341680113,3.62406029856e-10,0.00819607287346,0.00819605943726,244021877989,244.01918222,8000004,88.4341680113,in_range,4,8,2760,2760,2760,13801,57,57,57,0x0,-1,-1,-1,-1,true
cpu-gpu-v2,2026-07-22T05:12:31,reduction_5060ti_20260722_050953_session2,33,33,3,REDUCTION,cub_device_reduce_sum_fp32,gpu_resident,NVIDIA GeForce RTX 5060 Ti,-1,2000000,elements=2000000,122011,1.000009336,1.00001080322,1.000009336,88.347,88.347,-1,0.000724090450861,88.3461752001,3.62045406453e-10,0.00819607087248,0.00819605884715,244021877989,244.019241795,8000004,88.3461752001,in_range,4,8,2760,2760,2760,13801,57,57,57,0x0,-1,-1,-1,-1,true
cpu-gpu-v2,2026-07-22T05:12:32,reduction_5060ti_20260722_050953_session2,34,34,4,REDUCTION,cub_device_reduce_sum_fp32,gpu_resident,NVIDIA GeForce RTX 5060 Ti,-1,2000000,elements=2000000,122011,1.000008783,1.00001043701,1.000008783,88.391,88.391,-1,0.000724451074083,88.3902236687,3.62225718155e-10,0.00819606787103,0.00819605431477,244021877989,244.019331156,8000004,88.3902236687,in_range,4,8,2756,2760,2752,13801,57,57,57,0x0,-1,-1,-1,-1,true
cpu-gpu-v2,2026-07-22T05:12:33,reduction_5060ti_20260722_050953_session2,35,35,5,REDUCTION,cub_device_reduce_sum_fp32,gpu_resident,NVIDIA GeForce RTX 5060 Ti,-1,2000000,elements=2000000,122011,1.000057642,1.00005944824,1.000057642,88.362,88.362,-1,0.000724213390596,88.3569069312,3.62106876351e-10,0.0081964695662,0.00819645476228,244021877989,244.00737218,8000004,88.3569069312,in_range,4,8,2756,2752,2760,13801,57,57,57,0x0,-1,-1,-1,-1,true
cpu-gpu-v2,2026-07-22T05:12:34,reduction_5060ti_20260722_050953_session2,36,36,6,REDUCTION,cub_device_reduce_sum_fp32,gpu_resident,NVIDIA GeForce RTX 5060 Ti,-1,2000000,elements=2000000,122011,1.000009258,1.00001043701,1.000009258,88.267,88.267,-1,0.000723434772275,88.2661828317,3.61717566996e-10,0.00819606787103,0.00819605820787,244021877989,244.019331156,8000004,88.2661828317,in_range,4,8,2756,2760,2752,13801,57,57,57,0x0,-1,-1,-1,-1,true
cpu-gpu-v2,2026-07-22T05:12:35,reduction_5060ti_20260722_050953_session2,37,37,7,REDUCTION,cub_device_reduce_sum_fp32,gpu_resident,NVIDIA GeForce RTX 5060 Ti,-1,2000000,elements=2000000,122011,1.000012776,1.00001293945,1.000012776,88.301,88.301,-1,0.000723713435674,88.2998718808,3.61856898765e-10,0.00819608838099,0.00819608704133,244021877989,244.01872052,8000004,88.2998718808,in_range,4,8,2756,2752,2760,13801,57,57,57,0x0,-1,-1,-1,-1,true
cpu-gpu-v2,2026-07-22T05:12:36,reduction_5060ti_20260722_050953_session2,38,38,8,REDUCTION,cub_device_reduce_sum_fp32,gpu_resident,NVIDIA GeForce RTX 5060 Ti,-1,2000000,elements=2000000,122011,1.000008823,1.0000100708,1.000008823,88.324,88.324,-1,0.000723901943267,88.3232207242,3.61951152609e-10,0.00819606486957,0.00819605464261,244021877989,244.019420518,8000004,88.3232207242,in_range,4,8,2760,2760,2760,13801,57,57,57,0x0,-1,-1,-1,-1,true
cpu-gpu-v2,2026-07-22T05:12:37,reduction_5060ti_20260722_050953_session2,39,39,9,REDUCTION,cub_device_reduce_sum_fp32,gpu_resident,NVIDIA GeForce RTX 5060 Ti,-1,2000000,elements=2000000,122011,1.000008761,1.00001062012,1.000008761,88.19,88.19,-1,0.000722803681635,88.1892273742,3.61402021519e-10,0.00819606937175,0.00819605413446,244021877989,244.019286476,8000004,88.1892273742,in_range,4,8,2760,2760,2760,13801,57,57,57,0x0,-1,-1,-1,-1,true
cpu-gpu-v2,2026-07-22T05:12:38,reduction_5060ti_20260722_050953_session2,40,40,10,REDUCTION,cub_device_reduce_sum_fp32,gpu_resident,NVIDIA GeForce RTX 5060 Ti,-1,2000000,elements=2000000,122011,1.000007979,1.0000090332,1.000007979,88.174,88.174,-1,0.000722672545918,88.1732964653,3.61336453627e-10,0.00819605636544,0.00819604772521,244021877989,244.01967371,8000004,88.1732964653,in_range,4,8,2760,2760,2760,13801,57,57,57,0x0,-1,-1,-1,-1,true
cpu-gpu-v2,2026-07-22T05:12:40,reduction_5060ti_20260722_050953_session2,41,41,1,REDUCTION,cub_device_reduce_sum_fp32,gpu_resident,NVIDIA GeForce RTX 5060 Ti,-1,1000000,elements=1000000,162681,1.000001682,1.00000469971,1.000001682,65.503,65.503,-1,0.000402646897917,65.5028898241,4.02647300564e-10,0.00614702823137,0.00614700968152,162680837319,162.68007277,4000004,65.5028898241,in_range,4,8,2752,2752,2752,13801,54,54,54,0x0,-1,-1,-1,-1,true
cpu-gpu-v2,2026-07-22T05:12:41,reduction_5060ti_20260722_050953_session2,42,42,2,REDUCTION,cub_device_reduce_sum_fp32,gpu_resident,NVIDIA GeForce RTX 5060 Ti,-1,1000000,elements=1000000,162681,1.000021881,1.00002325439,1.000021881,65.304,65.304,-1,0.000401423645048,65.3025711144,4.01424046472e-10,0.00614714228702,0.00614713384476,162680837319,162.677054363,4000004,65.3025711144,in_range,4,8,2752,2752,2752,13801,54,54,54,0x0,-1,-1,-1,-1,true
cpu-gpu-v2,2026-07-22T05:12:42,reduction_5060ti_20260722_050953_session2,43,43,3,REDUCTION,cub_device_reduce_sum_fp32,gpu_resident,NVIDIA GeForce RTX 5060 Ti,-1,1000000,elements=1000000,162681,1.000014549,1.00001324463,1.000014549,65.338,65.338,-1,0.000401632643025,65.3370494113,4.01633044658e-10,0.006147080757,0.00614708877496,162680837319,162.6786827,4000004,65.3370494113,in_range,4,8,2752,2752,2752,13801,54,54,54,0x0,-1,-1,-1,-1,true
cpu-gpu-v2,2026-07-22T05:12:43,reduction_5060ti_20260722_050953_session2,44,44,4,REDUCTION,cub_device_reduce_sum_fp32,gpu_resident,NVIDIA GeForce RTX 5060 Ti,-1,1000000,elements=1000000,162681,1.000007925,1.00000933838,1.000007925,65.141,65.141,-1,0.000400421684155,65.1404837617,4.00422084577e-10,0.00614705674528,0.00614704805724,162680837319,162.679318158,4000004,65.1404837617,in_range,4,8,2752,2752,2752,13801,54,54,54,0x0,-1,-1,-1,-1,true
cpu-gpu-v2,2026-07-22T05:12:44,reduction_5060ti_20260722_050953_session2,45,45,5,REDUCTION,cub_device_reduce_sum_fp32,gpu_resident,NVIDIA GeForce RTX 5060 Ti,-1,1000000,elements=1000000,162681,1.000004324,1.00000683594,1.000004324,65.13,65.13,-1,0.000400354067162,65.1297183791,4.00354467517e-10,0.00614704136277,0.0061470259219,162680837319,162.679725251,4000004,65.1297183791,in_range,4,8,2752,2752,2752,13801,54,54,54,0x0,-1,-1,-1,-1,true
cpu-gpu-v2,2026-07-22T05:12:45,reduction_5060ti_20260722_050953_session2,46,46,6,REDUCTION,cub_device_reduce_sum_fp32,gpu_resident,NVIDIA GeForce RTX 5060 Ti,-1,1000000,elements=1000000,162681,1.000002891,1.00000531006,1.000002891,65.125,65.125,-1,0.000400323332165,65.1248117242,4.00323732489e-10,0.0061470319832,0.00614701711325,162680837319,162.679973479,4000004,65.1248117242,in_range,4,8,2752,2752,2752,13801,54,54,54,0x0,-1,-1,-1,-1,true
cpu-gpu-v2,2026-07-22T05:12:46,reduction_5060ti_20260722_050953_session2,47,47,7,REDUCTION,cub_device_reduce_sum_fp32,gpu_resident,NVIDIA GeForce RTX 5060 Ti,-1,1000000,elements=1000000,162681,1.000018508,1.00001965332,1.000018508,65.145,65.145,-1,0.000400446272152,65.1437943187,4.00446672599e-10,0.00614712015122,0.00614711311093,162680837319,162.677640163,4000004,65.1437943187,in_range,4,8,2752,2752,2752,13801,54,54,54,0x0,-1,-1,-1,-1,true
cpu-gpu-v2,2026-07-22T05:12:47,reduction_5060ti_20260722_050953_session2,48,48,8,REDUCTION,cub_device_reduce_sum_fp32,gpu_resident,NVIDIA GeForce RTX 5060 Ti,-1,1000000,elements=1000000,162681,1.000005126,1.00000689697,1.000005126,65.129,65.129,-1,0.000400347920163,65.1286661505,4.00348320511e-10,0.00614704173796,0.00614703085179,162680837319,162.679715321,4000004,65.1286661505,in_range,4,8,2752,2752,2752,13801,54,54,53,0x0,-1,-1,-1,-1,true
cpu-gpu-v2,2026-07-22T05:12:48,reduction_5060ti_20260722_050953_session2,49,49,9,REDUCTION,cub_device_reduce_sum_fp32,gpu_resident,NVIDIA GeForce RTX 5060 Ti,-1,1000000,elements=1000000,162681,1.005347869,1.00534552002,1.005347869,64.848,64.848,-1,0.000398620613348,64.503046159,3.98621011969e-10,0.00617985825032,0.0061798726895,162680837319,161.815847467,4000004,64.503046159,in_range,4,8,2752,2752,2752,13801,53,53,53,0x0,-1,-1,-1,-1,true
cpu-gpu-v2,2026-07-22T05:12:49,reduction_5060ti_20260722_050953_session2,50,50,10,REDUCTION,cub_device_reduce_sum_fp32,gpu_resident,NVIDIA GeForce RTX 5060 Ti,-1,1000000,elements=1000000,162681,1.023820119,1.02381732178,1.023820119,71.383,71.383,-1,0.000438791254049,69.722208692,4.38791692841e-10,0.00629340440357,0.0062934215981,162680837319,158.896351779,4000004,69.722208692,in_range,4,8,2752,2752,2752,13801,53,53,53,0x0,-1,-1,-1,-1,true
cpu-gpu-v2,2026-07-22T05:12:52,reduction_5060ti_20260722_050953_session2,51,51,1,REDUCTION,cub_device_reduce_sum_fp32,gpu_resident,NVIDIA GeForce RTX 5060 Ti,-1,4000000,elements=4000000,81404,1.000003985,1.00000463867,1.000003985,83.061,83.061,-1,0.0010203552651,83.0606690032,2.55088880047e-10,0.0122844656119,0.0122844575819,325615918596,325.614408178,16000004,83.0606690032,in_range,4,8,2767,2767,2767,13801,56,56,56,0x0,-1,-1,-1,-1,true
cpu-gpu-v2,2026-07-22T05:12:53,reduction_5060ti_20260722_050953_session2,52,52,2,REDUCTION,cub_device_reduce_sum_fp32,gpu_resident,NVIDIA GeForce RTX 5060 Ti,-1,4000000,elements=4000000,81404,1.000008203,1.00000994873,1.000008203,82.917,82.917,-1,0.00101858631026,82.9163198374,2.54646641225e-10,0.0122845308428,0.0122845093976,325615918596,325.612679163,16000004,82.9163198374,in_range,4,8,2767,2767,2767,13801,56,56,56,0x0,-1,-1,-1,-1,true
cpu-gpu-v2,2026-07-22T05:12:54,reduction_5060ti_20260722_050953_session2,53,53,3,REDUCTION,cub_device_reduce_sum_fp32,gpu_resident,NVIDIA GeForce RTX 5060 Ti,-1,4000000,elements=4000000,81404,1.000006921,1.00000817871,1.000006921,82.8,82.8,-1,0.00101714903445,82.7994269452,2.54287322183e-10,0.0122845090992,0.012284493649,325615918596,325.613255499,16000004,82.7994269452,in_range,4,8,2767,2767,2767,13801,56,56,56,0x0,-1,-1,-1,-1,true
cpu-gpu-v2,2026-07-22T05:12:55,reduction_5060ti_20260722_050953_session2,54,54,4,REDUCTION,cub_device_reduce_sum_fp32,gpu_resident,NVIDIA GeForce RTX 5060 Ti,-1,4000000,elements=4000000,81404,1.000007748,1.00000976562,1.000007748,82.635,82.635,-1,0.00101512210702,82.634359749,2.53780590201e-10,0.0122845285935,0.0122845038082,325615918596,325.612738784,16000004,82.634359749,in_range,4,8,2767,2767,2767,13801,56,56,56,0x0,-1,-1,-1,-1,true
cpu-gpu-v2,2026-07-22T05:12:56,reduction_5060ti_20260722_050953_session2,55,55,5,REDUCTION,cub_device_reduce_sum_fp32,gpu_resident,NVIDIA GeForce RTX 5060 Ti,-1,4000000,elements=4000000,81404,1.000004316,1.00000701904,1.000004316,82.609,82.609,-1,0.0010148027124,82.6086434611,2.53700741525e-10,0.0122844948534,0.0122844616481,325615918596,325.6136331,16000004,82.6086434611,in_range,4,8,2767,2767,2767,13801,56,56,56,0x0,-1,-1,-1,-1,true
cpu-gpu-v2,2026-07-22T05:12:57,reduction_5060ti_20260722_050953_session2,56,56,6,REDUCTION,cub_device_reduce_sum_fp32,gpu_resident,NVIDIA GeForce RTX 5060 Ti,-1,4000000,elements=4000000,81404,1.000004134,1.00000683594,1.000004134,82.626,82.626,-1,0.00101501154734,82.6256584255,2.53752950274e-10,0.012284492604,0.0122844594123,325615918596,325.613692721,16000004,82.6256584255,in_range,4,8,2767,2767,2767,13801,56,56,56,0x0,-1,-1,-1,-1,true
cpu-gpu-v2,2026-07-22T05:12:58,reduction_5060ti_20260722_050953_session2,57,57,7,REDUCTION,cub_device_reduce_sum_fp32,gpu_resident,NVIDIA GeForce RTX 5060 Ti,-1,4000000,elements=4000000,81404,1.000005432,1.00000756836,1.000005432,82.504,82.504,-1,0.00101351284949,82.5035518407,2.53378275717e-10,0.0122845016014,0.0122844753575,325615918596,325.613454236,16000004,82.5035518407,in_range,4,8,2767,2767,2767,13801,56,56,56,0x0,-1,-1,-1,-1,true
cpu-gpu-v2,2026-07-22T05:12:59,reduction_5060ti_20260722_050953_session2,58,58,8,REDUCTION,cub_device_reduce_sum_fp32,gpu_resident,NVIDIA GeForce RTX 5060 Ti,-1,4000000,elements=4000000,81404,1.000005859,1.00000714111,1.000005859,82.448,82.448,-1,0.00101282492261,82.44751694,2.53206293954e-10,0.0122844963529,0.0122844806029,325615918596,325.613593352,16000004,82.44751694,in_range,4,8,2767,2767,2767,13801,56,56,56,0x0,-1,-1,-1,-1,true
cpu-gpu-v2,2026-07-22T05:13:00,reduction_5060ti_20260722_050953_session2,59,59,9,REDUCTION,cub_device_reduce_sum_fp32,gpu_resident,NVIDIA GeForce RTX 5060 Ti,-1,4000000,elements=4000000,81404,1.000004928,1.00000671387,1.000004928,82.469,82.469,-1,0.00101308289519,82.4685935948,2.53270787115e-10,0.0122844911045,0.0122844691661,325615918596,325.613732469,16000004,82.4685935948,in_range,4,8,2767,2767,2767,13801,56,56,56,0x0,-1,-1,-1,-1,true
cpu-gpu-v2,2026-07-22T05:13:01,reduction_5060ti_20260722_050953_session2,60,60,10,REDUCTION,cub_device_reduce_sum_fp32,gpu_resident,NVIDIA GeForce RTX 5060 Ti,-1,4000000,elements=4000000,81404,1.000008205,1.00001019287,1.000008205,82.437,82.437,-1,0.00101268979411,82.43632361,2.53172511821e-10,0.012284533842,0.0122845094221,325615918596,325.612599669,16000004,82.43632361,in_range,4,8,2767,2767,2767,13801,56,56,56,0x0,-1,-1,-1,-1,true
cpu-gpu-v2,2026-07-22T05:13:03,reduction_5060ti_20260722_050953_session2,61,61,1,REDUCTION,cub_device_reduce_sum_fp32,gpu_resident,NVIDIA GeForce RTX 5060 Ti,-1,256000000,elements=256000000,416,1.003073259,1.0028112793,1.003073259,83.678,83.678,-1,0.201149038462,83.421623744,7.8573843456e-10,2.41060403677,2.41123379567,106495999584,106.197448895,1024000004,83.421623744,in_range,4,8,2790,2790,2790,13801,53,53,52,0x0,-1,-1,-1,-1,true
cpu-gpu-v2,2026-07-22T05:13:04,reduction_5060ti_20260722_050953_session2,62,62,2,REDUCTION,cub_device_reduce_sum_fp32,gpu_resident,NVIDIA GeForce RTX 5060 Ti,-1,256000000,elements=256000000,416,1.003084227,1.0028347168,1.003084227,83.506,83.506,-1,0.200735576923,83.2492404449,7.84123350419e-10,2.41066037692,2.41126016106,106495999584,106.194966928,1024000004,83.2492404449,in_range,4,8,2790,2790,2790,13801,52,52,52,0x0,-1,-1,-1,-1,true
cpu-gpu-v2,2026-07-22T05:13:05,reduction_5060ti_20260722_050953_session2,63,63,3,REDUCTION,cub_device_reduce_sum_fp32,gpu_resident,NVIDIA GeForce RTX 5060 Ti,-1,256000000,elements=256000000,416,1.003050425,1.00277679443,1.003050425,83.308,83.308,-1,0.200259615385,83.0546480253,7.82264125652e-10,2.41052114047,2.41117890625,106495999584,106.201100958,1024000004,83.0546480253,in_range,4,8,2790,2790,2790,13801,52,52,52,0x0,-1,-1,-1,-1,true
cpu-gpu-v2,2026-07-22T05:13:06,reduction_5060ti_20260722_050953_session2,64,64,4,REDUCTION,cub_device_reduce_sum_fp32,gpu_resident,NVIDIA GeForce RTX 5060 Ti,-1,256000000,elements=256000000,416,1.003128703,1.00279870605,1.003128703,83.948,83.948,-1,0.201798076923,83.6861708263,7.8827374106e-10,2.41057381263,2.41136707452,106495999584,106.198780414,1024000004,83.6861708263,in_range,4,8,2790,2790,2790,13801,52,52,52,0x0,-1,-1,-1,-1,true
cpu-gpu-v2,2026-07-22T05:13:07,reduction_5060ti_20260722_050953_session2,65,65,5,REDUCTION,cub_device_reduce_sum_fp32,gpu_resident,NVIDIA GeForce RTX 5060 Ti,-1,256000000,elements=256000000,416,1.003203762,1.00285211182,1.003203762,83.794,83.794,-1,0.201427884615,83.5264012896,7.86827677352e-10,2.41070219187,2.41154750481,106495999584,106.193124918,1024000004,83.5264012896,in_range,4,8,2790,2790,2790,13801,52,52,52,0x0,-1,-1,-1,-1,true
cpu-gpu-v2,2026-07-22T05:13:08,reduction_5060ti_20260722_050953_session2,66,66,6,REDUCTION,cub_device_reduce_sum_fp32,gpu_resident,NVIDIA GeForce RTX 5060 Ti,-1,256000000,elements=256000000,416,1.00314145,1.00282232666,1.00314145,83.601,83.601,-1,0.200963942308,83.3391940887,7.85015402706e-10,2.41063059293,2.41139771635,106495999584,106.196278995,1024000004,83.3391940887,in_range,4,8,2790,2790,2790,13801,52,52,52,0x0,-1,-1,-1,-1,true
cpu-gpu-v2,2026-07-22T05:13:09,reduction_5060ti_20260722_050953_session2,67,67,7,REDUCTION,cub_device_reduce_sum_fp32,gpu_resident,NVIDIA GeForce RTX 5060 Ti,-1,256000000,elements=256000000,416,1.003138997,1.00281768799,1.003138997,83.426,83.426,-1,0.200543269231,83.1649454856,7.83372148493e-10,2.41061944228,2.41139181971,106495999584,106.19677022,1024000004,83.1649454856,in_range,4,8,2790,2790,2790,13801,52,52,52,0x0,-1,-1,-1,-1,true
cpu-gpu-v2,2026-07-22T05:13:10,reduction_5060ti_20260722_050953_session2,68,68,8,REDUCTION,cub_device_reduce_sum_fp32,gpu_resident,NVIDIA GeForce RTX 5060 Ti,-1,256000000,elements=256000000,416,1.003118275,1.00279724121,1.003118275,83.907,83.907,-1,0.201699519231,83.6461682447,7.87888750073e-10,2.41057029137,2.41134200721,106495999584,106.198935545,1024000004,83.6461682447,in_range,4,8,2790,2790,2790,13801,52,52,52,0x0,-1,-1,-1,-1,true
cpu-gpu-v2,2026-07-22T05:13:11,reduction_5060ti_20260722_050953_session2,69,69,9,REDUCTION,cub_device_reduce_sum_fp32,gpu_resident,NVIDIA GeForce RTX 5060 Ti,-1,256000000,elements=256000000,416,1.003141644,1.00281518555,1.003141644,83.807,83.807,-1,0.201459134615,83.5445328197,7.86949747665e-10,2.4106134268,2.41139818269,106495999584,106.197035225,1024000004,83.5445328197,in_range,4,8,2790,2790,2790,13801,52,52,52,0x0,-1,-1,-1,-1,true
cpu-gpu-v2,2026-07-22T05:13:12,reduction_5060ti_20260722_050953_session2,70,70,10,REDUCTION,cub_device_reduce_sum_fp32,gpu_resident,NVIDIA GeForce RTX 5060 Ti,-1,256000000,elements=256000000,416,1.003160732,1.00283538818,1.003160732,83.646,83.646,-1,0.201072115385,83.3824504207,7.85437953789e-10,2.41066199083,2.41144406731,106495999584,106.194895831,1024000004,83.3824504207,in_range,4,8,2790,2790,2790,13801,52,52,52,0x0,-1,-1,-1,-1,true
cpu-gpu-v2,2026-07-22T05:13:15,reduction_5060ti_20260722_050953_session2,71,71,1,REDUCTION,cub_device_reduce_sum_fp32,gpu_resident,NVIDIA GeForce RTX 5060 Ti,-1,128000000,elements=128000000,828,1.001071202,1.0010723877,1.001071202,84.103,84.103,-1,0.101573671498,84.0130051009,7.93544314774e-10,1.20902462282,1.20902319082,105983999172,105.870464988,512000004,84.0130051009,in_range,4,8,2790,2790,2790,13801,52,52,52,0x0,-1,-1,-1,-1,true
cpu-gpu-v2,2026-07-22T05:13:16,reduction_5060ti_20260722_050953_session2,72,72,2,REDUCTION,cub_device_reduce_sum_fp32,gpu_resident,NVIDIA GeForce RTX 5060 Ti,-1,128000000,elements=128000000,828,1.00109233,1.00109466553,1.00109233,83.933,83.933,-1,0.101368357488,83.8414175044,7.91940299061e-10,1.20905152841,1.20904870773,105983999172,105.868109003,512000004,83.8414175044,in_range,4,8,2790,2790,2790,13801,52,52,52,0x0,-1,-1,-1,-1,true
cpu-gpu-v2,2026-07-22T05:13:17,reduction_5060ti_20260722_050953_session2,73,73,3,REDUCTION,cub_device_reduce_sum_fp32,gpu_resident,NVIDIA GeForce RTX 5060 Ti,-1,128000000,elements=128000000,828,1.001111649,1.00111395264,1.001111649,83.734,83.734,-1,0.101128019324,83.6410205432,7.90062657139e-10,1.20907482203,1.20907203986,105983999172,105.866069385,512000004,83.6410205432,in_range,4,8,2790,2790,2790,13801,52,52,52,0x0,-1,-1,-1,-1,true
cpu-gpu-v2,2026-07-22T05:13:18,reduction_5060ti_20260722_050953_session2,74,74,4,REDUCTION,cub_device_reduce_sum_fp32,gpu_resident,NVIDIA GeForce RTX 5060 Ti,-1,128000000,elements=128000000,828,1.001102446,1.00110290527,1.001102446,83.584,83.584,-1,0.100946859903,83.4919546286,7.88647349156e-10,1.2090614798,1.20906092512,105983999172,105.867237637,512000004,83.4919546286,in_range,4,8,2790,2790,2790,13801,52,52,52,0x0,-1,-1,-1,-1,true
cpu-gpu-v2,2026-07-22T05:13:19,reduction_5060ti_20260722_050953_session2,75,75,5,REDUCTION,cub_device_reduce_sum_fp32,gpu_resident,NVIDIA GeForce RTX 5060 Ti,-1,128000000,elements=128000000,828,1.001131715,1.00113110352,1.001131715,83.529,83.529,-1,0.100880434783,83.434575839,7.88128402896e-10,1.20909553565,1.20909627415,105983999172,105.86425574,512000004,83.434575839,in_range,4,8,2790,2790,2790,13801,52,52,52,0x0,-1,-1,-1,-1,true
cpu-gpu-v2,2026-07-22T05:13:20,reduction_5060ti_20260722_050953_session2,76,76,6,REDUCTION,cub_device_reduce_sum_fp32,gpu_resident,NVIDIA GeForce RTX 5060 Ti,-1,128000000,elements=128000000,828,1.001110003,1.00111193848,1.001110003,83.305,83.305,-1,0.100609903382,83.2126337269,7.8601487631e-10,1.20907238946,1.20907005193,105983999172,105.866282379,512000004,83.2126337269,in_range,4,8,2790,2790,2790,13801,52,52,52,0x0,-1,-1,-1,-1,true
cpu-gpu-v2,2026-07-22T05:13:21,reduction_5060ti_20260722_050953_session2,77,77,7,REDUCTION,cub_device_reduce_sum_fp32,gpu_resident,NVIDIA GeForce RTX 5060 Ti,-1,128000000,elements=128000000,828,1.001154331,1.00115625,1.001154331,83.324,83.324,-1,0.100632850242,83.2279274233,7.86194148654e-10,1.2091259058,1.20912358816,105983999172,105.861596701,512000004,83.2279274233,in_range,4,8,2790,2790,2790,13801,52,52,52,0x0,-1,-1,-1,-1,true
cpu-gpu-v2,2026-07-22T05:13:22,reduction_5060ti_20260722_050953_session2,78,78,8,REDUCTION,cub_device_reduce_sum_fp32,gpu_resident,NVIDIA GeForce RTX 5060 Ti,-1,128000000,elements=128000000,828,1.001133639,1.00113397217,1.001133639,83.948,83.948,-1,0.10138647343,83.8529410358,7.9208182986e-10,1.2090990002,1.20909859783,105983999172,105.863952396,512000004,83.8529410358,in_range,4,8,2790,2790,2790,13801,52,52,52,0x0,-1,-1,-1,-1,true
cpu-gpu-v2,2026-07-22T05:13:23,reduction_5060ti_20260722_050953_session2,79,79,9,REDUCTION,cub_device_reduce_sum_fp32,gpu_resident,NVIDIA GeForce RTX 5060 Ti,-1,128000000,elements=128000000,828,1.001139537,1.00114019775,1.001139537,83.847,83.847,-1,0.101264492754,83.7515619963,7.91128855818e-10,1.20910651903,1.20910572101,105983999172,105.863294082,512000004,83.7515619963,in_range,4,8,2790,2790,2790,13801,53,52,53,0x0,-1,-1,-1,-1,true
cpu-gpu-v2,2026-07-22T05:13:24,reduction_5060ti_20260722_050953_session2,80,80,10,REDUCTION,cub_device_reduce_sum_fp32,gpu_resident,NVIDIA GeForce RTX 5060 Ti,-1,128000000,elements=128000000,828,1.001107225,1.00110809326,1.001107225,83.82,83.82,-1,0.101231884058,83.7272950457,7.90874100382e-10,1.20906774549,1.20906669686,105983999172,105.866689007,512000004,83.7272950457,in_range,4,8,2790,2790,2790,13801,53,53,53,0x0,-1,-1,-1,-1,true
cpu-gpu-v2,2026-07-22T05:13:28,reduction_5060ti_20260722_050953_session2,81,81,1,REDUCTION,cub_device_reduce_sum_fp32,gpu_resident,NVIDIA GeForce RTX 5060 Ti,-1,32000000,elements=32000000,3247,1.000339075,1.00034002686,1.000339075,82.798,82.798,-1,0.0254998460117,82.7699347844,7.96870212768e-10,0.308081314092,0.308081020942,103903996753,103.868678613,128000004,82.7699347844,in_range,4,8,2790,2790,2790,13801,53,53,53,0x0,-1,-1,-1,-1,true
cpu-gpu-v2,2026-07-22T05:13:29,reduction_5060ti_20260722_050953_session2,82,82,2,REDUCTION,cub_device_reduce_sum_fp32,gpu_resident,NVIDIA GeForce RTX 5060 Ti,-1,32000000,elements=32000000,3247,1.000373093,1.00037445068,1.000373093,83.438,83.438,-1,0.0256969510317,83.4068814764,8.03029744836e-10,0.308091915825,0.30809149769,103903996753,103.865104394,128000004,83.4068814764,in_range,4,8,2790,2790,2790,13801,53,53,53,0x0,-1,-1,-1,-1,true
cpu-gpu-v2,2026-07-22T05:13:30,reduction_5060ti_20260722_050953_session2,83,83,3,REDUCTION,cub_device_reduce_sum_fp32,gpu_resident,NVIDIA GeForce RTX 5060 Ti,-1,32000000,elements=32000000,3247,1.000369331,1.00037072754,1.000369331,83.436,83.436,-1,0.0256963350785,83.4051958756,8.03010496298e-10,0.308090769184,0.308090339082,103903996753,103.865490955,128000004,83.4051958756,in_range,4,8,2790,2790,2790,13801,53,53,53,0x0,-1,-1,-1,-1,true
cpu-gpu-v2,2026-07-22T05:13:31,reduction_5060ti_20260722_050953_session2,84,84,4,REDUCTION,cub_device_reduce_sum_fp32,gpu_resident,NVIDIA GeForce RTX 5060 Ti,-1,32000000,elements=32000000,3247,1.00040224,1.0004029541,1.00040224,83.408,83.408,-1,0.0256877117339,83.3744634558,8.0274101677e-10,0.308100694211,0.308100474284,103903996753,103.862145076,128000004,83.3744634558,in_range,4,8,2790,2790,2790,13801,53,53,53,0x0,-1,-1,-1,-1,true
cpu-gpu-v2,2026-07-22T05:13:32,reduction_5060ti_20260722_050953_session2,85,85,5,REDUCTION,cub_device_reduce_sum_fp32,gpu_resident,NVIDIA GeForce RTX 5060 Ti,-1,32000000,elements=32000000,3247,1.000387187,1.00038885498,1.000387187,83.211,83.211,-1,0.0256270403449,83.1787942522,8.00845035806e-10,0.308096352011,0.308095838312,103903996753,103.863608871,128000004,83.1787942522,in_range,4,8,2790,2790,2790,13801,53,53,53,0x0,-1,-1,-1,-1,true
cpu-gpu-v2,2026-07-22T05:13:33,reduction_5060ti_20260722_050953_session2,86,86,6,REDUCTION,cub_device_reduce_sum_fp32,gpu_resident,NVIDIA GeForce RTX 5060 Ti,-1,32000000,elements=32000000,3247,1.000357365,1.00035876465,1.000357365,83.101,83.101,-1,0.0255931629196,83.0713132202,7.99786366231e-10,0.308087084893,0.308086653834,103903996753,103.866733041,128000004,83.0713132202,in_range,4,8,2790,2790,2790,13801,53,53,53,0x0,-1,-1,-1,-1,true
cpu-gpu-v2,2026-07-22T05:13:34,reduction_5060ti_20260722_050953_session2,87,87,7,REDUCTION,cub_device_reduce_sum_fp32,gpu_resident,NVIDIA GeForce RTX 5060 Ti,-1,32000000,elements=32000000,3247,1.000376933,1.00037854004,1.000376933,83.003,83.003,-1,0.0255629812134,82.9717252187,7.98843187883e-10,0.308093175251,0.30809268032,103903996753,103.864679813,128000004,82.9717252187,in_range,4,8,2790,2790,2790,13801,53,53,53,0x0,-1,-1,-1,-1,true
cpu-gpu-v2,2026-07-22T05:13:35,reduction_5060ti_20260722_050953_session2,88,88,8,REDUCTION,cub_device_reduce_sum_fp32,gpu_resident,NVIDIA GeForce RTX 5060 Ti,-1,32000000,elements=32000000,3247,1.000342641,1.0003447876,1.000342641,82.842,82.842,-1,0.0255133969818,82.8136246568,7.97293680598e-10,0.308082780289,0.308082119187,103903996753,103.868184291,128000004,82.8136246568,in_range,4,8,2790,2790,2790,13801,53,53,53,0x0,-1,-1,-1,-1,true
cpu-gpu-v2,2026-07-22T05:13:36,reduction_5060ti_20260722_050953_session2,89,89,9,REDUCTION,cub_device_reduce_sum_fp32,gpu_resident,NVIDIA GeForce RTX 5060 Ti,-1,32000000,elements=32000000,3247,1.000312698,1.00031420898,1.000312698,82.714,82.714,-1,0.0254739759778,82.6881435829,7.96061774184e-10,0.308073362792,0.308072897444,103903996753,103.871359439,128000004,82.6881435829,in_range,4,8,2790,2790,2790,13801,53,53,53,0x0,-1,-1,-1,-1,true
cpu-gpu-v2,2026-07-22T05:13:37,reduction_5060ti_20260722_050953_session2,90,90,10,REDUCTION,cub_device_reduce_sum_fp32,gpu_resident,NVIDIA GeForce RTX 5060 Ti,-1,32000000,elements=32000000,3247,1.000409288,1.00039086914,1.000409288,82.454,82.454,-1,0.0253939020634,82.420266374,7.93559464281e-10,0.308096972325,0.308102644903,103903996753,103.863399755,128000004,82.420266374,in_range,4,8,2790,2790,2790,13801,53,53,53,0x0,-1,-1,-1,-1,true
