platform,platform_label,device_kind,energy_domain,problem_size,configuration,num_threads,sessions,working_set_bytes,operational_intensity_flop_per_byte,runtime_per_op_s_median,runtime_per_op_s_ci95_low,runtime_per_op_s_ci95_high,runtime_per_op_s_session_cv_pct,runtime_per_op_s_robust_cv_pct,primary_energy_per_op_j_median,primary_energy_per_op_j_ci95_low,primary_energy_per_op_j_ci95_high,primary_energy_per_op_j_session_cv_pct,primary_energy_per_op_j_robust_cv_pct,total_energy_per_op_j_median,total_energy_per_op_j_ci95_low,total_energy_per_op_j_ci95_high,total_energy_per_op_j_session_cv_pct,total_energy_per_op_j_robust_cv_pct,primary_power_w_median,primary_power_w_ci95_low,primary_power_w_ci95_high,primary_power_w_session_cv_pct,primary_power_w_robust_cv_pct,edp_primary_j_s_median,edp_primary_j_s_ci95_low,edp_primary_j_s_ci95_high,edp_primary_j_s_session_cv_pct,edp_primary_j_s_robust_cv_pct,throughput_gflops_exact_median,throughput_gflops_exact_ci95_low,throughput_gflops_exact_ci95_high,throughput_gflops_exact_session_cv_pct,throughput_gflops_exact_robust_cv_pct,primary_efficiency_gflop_per_j_median,primary_efficiency_gflop_per_j_ci95_low,primary_efficiency_gflop_per_j_ci95_high,primary_efficiency_gflop_per_j_session_cv_pct,primary_efficiency_gflop_per_j_robust_cv_pct,logical_bandwidth_gb_s_median,logical_bandwidth_gb_s_ci95_low,logical_bandwidth_gb_s_ci95_high,logical_bandwidth_gb_s_session_cv_pct,logical_bandwidth_gb_s_robust_cv_pct,logical_gb_per_j_median,logical_gb_per_j_ci95_low,logical_gb_per_j_ci95_high,logical_gb_per_j_session_cv_pct,logical_gb_per_j_robust_cv_pct,temp_c_median,temp_c_ci95_low,temp_c_ci95_high,temp_c_session_cv_pct,temp_c_robust_cv_pct,clock_before_mhz_median,clock_before_mhz_ci95_low,clock_before_mhz_ci95_high,clock_before_mhz_session_cv_pct,clock_before_mhz_robust_cv_pct,strict_pareto,practical_pareto_2pct
AMD,AMD Threadripper 3970X,CPU,CPU package RAPL,1000000,1T,1,5,12000000.0,0.16666666666666666,0.0001817408497333088,0.00016927980328980839,0.00019193407335907337,4.679865627905615,5.015121056074527,0.013177951811660843,0.012524088265219602,0.013944711776061776,3.9062625291578508,3.025077233613022,0.013177951811660843,0.012524088265219602,0.013944711776061776,3.9062625291578508,3.025077233613022,73.98323400814641,72.44472468938645,74.70076085683581,1.3592278853537096,1.4379005191227123,2.3949821241445435e-06,2.1200760218859113e-06,2.676465328269387e-06,8.536214650623585,5.788781349178048,11.004726525837675,10.420244660859488,11.81476131965739,4.66732526812147,5.190114829333744,0.1517692825594838,0.14342354550403144,0.15969236541811482,3.920094224603933,2.963929113136842,66.02835915502604,62.52146796515694,70.88856791794433,4.667325268121464,5.190114829333793,0.9106156953569029,0.8605412730241886,0.9581541925086889,3.9200942246039365,2.9639291131368686,60.0,59.0,62.0,2.1658479751503816,2.4709999999999996,1827.0,1807.0,1833.5,0.6449460254154638,0.5274712643678161,False,False
AMD,AMD Threadripper 3970X,CPU,CPU package RAPL,1000000,2T,2,5,12000000.0,0.16666666666666666,6.597086070959265e-05,6.583224308235756e-05,6.800193862127883e-05,1.3893788385003565,0.3115231360151937,0.006260377739255576,0.006198343462549277,0.006369565748833541,1.0214984125846533,0.9086443655764094,0.006260377739255576,0.006198343462549277,0.006369565748833541,1.0214984125846533,0.9086443655764094,94.83553466144883,93.91700178145842,95.10832887171019,0.5883345195531896,0.4264695692150616,4.115043543162362e-07,4.08470058014124e-07,4.3283301669656075e-07,2.35390600193499,1.0932199502449014,30.31643411528549,29.41092758555159,30.380395998472885,1.3649443759201243,0.31280027081357936,0.3194695888313352,0.3139954763966126,0.3226669750699578,1.0173921945335715,0.9027214834213043,181.89860469171293,176.46556551330957,182.2823759908373,1.3649443759201165,0.31280027081356776,1.916817532988011,1.8839728583796753,1.9360018504197467,1.0173921945335804,0.9027214834212958,68.0,67.0,68.0,0.8102404696821984,0.0,1867.0,1833.0,1946.0,2.2314963421038887,0.23823245848955543,False,False
AMD,AMD Threadripper 3970X,CPU,CPU package RAPL,1000000,4T,4,5,12000000.0,0.16666666666666666,3.757998674862885e-05,3.731910911472955e-05,3.770685336125028e-05,0.4521497768247544,0.5005122570443624,0.0045918014311954695,0.004569267493650385,0.004646383870485306,0.6357404890466748,0.6746590648660334,0.0045918014311954695,0.004569267493650385,0.004646383870485306,0.6357404890466748,0.6746590648660334,122.75535166240917,121.9996291872061,123.25652277602313,0.42330400098916654,0.5391324419084856,1.7294589330306791e-07,1.7149939942800404e-07,1.752457444207496e-07,0.8436368063647445,0.9083178914796841,53.2198165310277,53.040764816803815,53.5918605367806,0.453025229080338,0.49880305647722345,0.4355589877063575,0.4304424145892881,0.43770693173195063,0.6336694336449479,0.6715501352172921,319.3188991861662,318.2445889008229,321.55116322068363,0.4530252290803358,0.49880305647721024,2.613353926238145,2.5826544875357285,2.6262415903917034,0.6336694336449471,0.6715501352173048,67.0,61.0,67.5,4.08414242465715,1.1064179104477612,1983.0,1949.0,1995.5,0.8841663357512572,0.1121482602118003,False,False
AMD,AMD Threadripper 3970X,CPU,CPU package RAPL,1000000,8T,8,5,12000000.0,0.16666666666666666,2.4319669148858758e-05,2.4239636928453545e-05,2.4740931889220037e-05,0.8631900755274964,0.4879004284412214,0.003858504936085575,0.003847321363896302,0.003898328596350948,0.5563784254809536,0.4297199149014779,0.003858504936085575,0.003847321363896302,0.003898328596350948,0.5563784254809536,0.4297199149014779,158.57122506213784,157.34683487686624,159.32290489172254,0.45047493700215524,0.08462872160969048,9.383761550240923e-08,9.331672875931081e-08,9.648481310865846e-08,1.4284247406837691,0.822982000536762,82.23804186840515,80.83783023233602,82.50951877186486,0.8570978405219236,0.4894227147497347,0.5183356398099324,0.5130404034787105,0.5198422039332564,0.5549690838162287,0.430923864324533,493.428251210431,485.02698139401605,495.0571126311891,0.8570978405219303,0.4894227147496919,3.110013838859594,3.0782424208722627,3.119053223599539,0.5549690838162336,0.4309238643245542,66.0,64.0,67.0,1.9728931563330467,2.246363636363636,2204.0,2170.0,2206.0,0.687806314284267,0.1345372050816697,False,True
AMD,AMD Threadripper 3970X,CPU,CPU package RAPL,1000000,10T,10,5,12000000.0,0.16666666666666666,2.264302467186866e-05,2.2384571912969763e-05,2.2895552764403508e-05,0.8011683839471395,0.20939111149801848,0.0038193342316539623,0.003805506444671463,0.0038460212360151656,0.38993969420136815,0.3504652687248952,0.0038193342316539623,0.003805506444671463,0.0038460212360151656,0.38993969420136815,0.3504652687248952,168.782750899182,167.97832372401336,169.824636344706,0.3891824938771442,0.03917848531022482,8.644432814835109e-08,8.518466477754615e-08,8.804977867771084e-08,1.1886175698414536,0.7285676916704342,88.32743262539293,87.3552484464258,89.34741672819871,0.8011549204208929,0.20910911103098084,0.5236514744026035,0.520020650099293,0.5255542681772065,0.3891816842647236,0.34963659744501074,529.9645957523576,524.1314906785549,536.0845003691921,0.8011549204208811,0.20910911103098084,3.141908846415621,3.1201239005957575,3.153325609063239,0.3891816842647293,0.3496365974450003,64.0,63.0,65.5,1.614987644340165,2.3165625,2299.0,2270.0,2444.5,3.0279560210400667,0.9673336233144844,True,True
AMD,AMD Threadripper 3970X,CPU,CPU package RAPL,1000000,16T,16,5,12000000.0,0.16666666666666666,2.1910510621626327e-05,2.130687980829865e-05,2.1991949890827288e-05,1.3032231028316812,0.32997003208229575,0.0039046152236151474,0.0038340479673771386,0.003920210482785999,0.881498260737606,0.2056435995187658,0.0039046152236151474,0.0038340479673771386,0.003920210482785999,0.881498260737606,0.2056435995187658,178.24501032846356,178.0957266678293,180.1252863532187,0.48377992466297853,0.1241706316763146,8.551711241080551e-08,8.15177268337315e-08,8.615681283244312e-08,2.2498095338459443,0.5958191355966271,91.28043779846283,90.94236916750387,93.86639537103044,1.325040943951801,0.32930143891755054,0.5122150865027104,0.5101766894621714,0.5216420730134326,0.8909319675088185,0.20550339472651072,547.682626790777,545.6542150050232,563.1983722261825,1.3250409439517945,0.3293014389175659,3.073290519016263,3.061060136773029,3.1298524380805954,0.8909319675088173,0.2055033947265428,65.0,64.0,68.0,2.4972153077743133,2.280923076923077,2538.0,2458.0,2610.0,2.292986770636986,2.1906028368794326,True,True
AMD,AMD Threadripper 3970X,CPU,CPU package RAPL,1000000,20T,20,5,12000000.0,0.16666666666666666,2.2649725834957174e-05,1.342772e-05,2.3032038004322765e-05,19.864727443627473,2.5025292863660673,0.00411176945212308,0.002957877205,0.00414424466355183,13.244825422616799,1.1709739328746687,0.00411176945212308,0.002957877205,0.00414424466355183,13.244825422616799,1.1709739328746687,181.735034845886,179.29735047964215,220.31520179700811,9.21502863622645,1.3504525926441437,9.313045600633483e-08,3.969231654562316e-08,9.488368596772023e-08,29.057953614068342,2.791072708344929,88.30130155331096,86.835599483993,148.9456487931697,26.921943942217872,2.4609488758881626,0.486408605743997,0.48260076653368655,0.6761606503477184,16.049993183605,1.1606501913285643,529.8078093198658,521.0135969039579,893.6738927590181,26.92194394221785,2.46094887588817,2.918451634463982,2.8956045992021195,4.056963902086311,16.049993183605004,1.1606501913285419,67.0,66.0,69.5,2.456759103966963,2.2128358208955223,2677.5,2501.0,2749.0,3.517775575742601,1.0520784313725489,False,False
AMD,AMD Threadripper 3970X,CPU,CPU package RAPL,1000000,32T,32,5,12000000.0,0.16666666666666666,2.867405740011255e-05,2.812249119472242e-05,2.933496346924346e-05,1.9460774334750308,2.8518881883391716,0.005077921215531795,0.005017371345110974,0.005205809815242494,1.7838892752588136,1.767873782904035,0.005077921215531795,0.005017371345110974,0.005205809815242494,1.7838892752588136,1.767873782904035,177.77384073829188,176.98353411875772,178.2406869458169,0.27805364566997187,0.29911581068209,1.4579162831741103e-07,1.410814419877232e-07,1.527499263407956e-07,3.7441130173086505,4.789933642274306,69.74951865907464,68.17803005219663,71.11747864630178,1.9440578143946186,2.907744047634496,0.3938621435499342,0.38418615479491935,0.3986152693273359,1.7771525768250487,1.7892007122238922,418.49711195444786,409.06818031317977,426.7048718778108,1.9440578143946365,2.9077440476345258,2.363172861299605,2.305116928769516,2.391691615964015,1.7771525768250493,1.7892007122238995,58.5,57.5,60.0,1.9576300056498872,2.534358974358974,3029.0,2993.5,3039.5,0.5982978877643467,0.5139418950148564,False,False
AMD,AMD Threadripper 3970X,CPU,CPU package RAPL,1000000,64T,64,5,12000000.0,0.16666666666666666,5.731218128688478e-05,7.774320001326019e-06,5.803044961413712e-05,69.36412172826041,1.858077284920946,0.009505415372715292,0.0015848508284850796,0.009533887344816016,64.63569363170753,0.4440894393494972,0.009505415372715292,0.0015848508284850796,0.009533887344816016,64.63569363170753,0.4440894393494972,165.84106753551117,164.35634843261658,206.87219800866396,12.178602247283772,1.3273217392188863,5.447006876562695e-07,1.2334613205781675e-08,5.533622329832728e-07,86.43296131693369,2.3575529447318586,34.89659593453059,34.464668460671774,257.25729871834153,96.30490037555174,1.8350663025828762,0.21040638444022927,0.20977804453683846,1.2619490233503727,88.44026438287653,0.44275117565734023,209.3795756071835,206.78801076403067,1543.543792310049,96.30490037555172,1.8350663025828464,1.2624383066413754,1.2586682672210308,7.571694140102236,88.44026438287655,0.44275117565730765,59.5,58.0,65.0,4.745571725741286,3.737647058823529,4140.0,3890.5,4173.0,2.8447058555845826,1.1817826086956522,False,False
AMD,AMD Threadripper 3970X,CPU,CPU package RAPL,2000000,1T,1,5,24000000.0,0.16666666666666666,0.0010158356997971604,0.0010020523429710867,0.0010266871134020617,0.9944411966128438,1.448326043282515,0.07396880940343782,0.07241726030927835,0.0767542981557377,2.332735510067876,2.548918983060763,0.07396880940343782,0.07241726030927835,0.0767542981557377,2.332735510067876,2.548918983060763,72.91477854635401,70.59331076213147,74.80891010545464,2.0820802802832605,0.7449491983354521,7.495528841818856e-05,7.28855752459471e-05,7.883866980684219e-05,2.927378953900938,1.2262815583228357,3.937644869514424,3.896028259425997,3.9918074709424785,0.998041353956048,1.434307787229445,0.05407685076762705,0.05211434762155105,0.05523547155172737,2.2997204600205547,2.5934974368953045,23.625869217086546,23.376169556555983,23.95084482565487,0.9980413539560451,1.4343077872294618,0.3244611046057623,0.31268608572930634,0.33141282931036425,2.29972046002055,2.5934974368952988,55.0,49.0,62.0,8.472120632999985,4.043454545454545,1814.0,1795.0,1829.0,0.7184354626142877,0.8173098125689084,False,False
AMD,AMD Threadripper 3970X,CPU,CPU package RAPL,2000000,2T,2,5,24000000.0,0.16666666666666666,0.00017958689591078065,0.00017266156318727796,0.00019364747414478918,5.308410305733525,5.717287023528715,0.016707458333333335,0.015184138978176281,0.01766011234357224,5.957414920489947,8.453738488530517,0.016707458333333335,0.015184138978176281,0.01766011234357224,5.957414920489947,8.453738488530517,90.50482313322433,86.2117193778558,93.77325386279632,3.4760976071859595,4.137381366075039,3.026975189055897e-06,2.621968248358432e-06,3.365865054472258e-06,10.642185824077526,14.62763215905693,22.273353162424428,20.65612926324186,23.166746976584996,5.253187775972143,5.946772626534705,0.2394142466564293,0.2265003265794662,0.2634331789690655,6.001172967200621,7.9970921419647825,133.64011897454657,123.93677557945115,139.00048185951,5.253187775972144,5.946772626534721,1.4364854799385758,1.3590019594767972,1.5805990738143931,6.001172967200623,7.997092141964776,62.5,60.0,64.0,2.380802082534723,1.18608,1872.0,1868.5,1913.0,1.0173747581104862,0.2771955128205128,False,False
AMD,AMD Threadripper 3970X,CPU,CPU package RAPL,2000000,4T,4,5,24000000.0,0.16666666666666666,6.866334890649333e-05,6.792291027862951e-05,6.909411366711772e-05,0.6450841701308411,0.7493013123812855,0.00864798561999057,0.008630522630315957,0.008773332419256551,0.681236981541892,0.29938334346592754,0.00864798561999057,0.008630522630315957,0.008773332419256551,0.681236981541892,0.29938334346592754,126.08808550075997,125.7098978608083,127.65184148511227,0.6681730916152526,0.4446899108393358,5.93489508975221e-07,5.858194333688473e-07,6.025866317763966e-07,1.1551721587031492,1.8139043262652739,58.25526023726084,57.89205343070999,58.89030815542941,0.6458523917821689,0.7530688884835111,0.4625354888313392,0.45592723098048593,0.46347163996914786,0.6772457678447201,0.300071607569383,349.53156142356505,347.35232058426004,353.34184893257645,0.645852391782162,0.7530688884835351,2.775212932988035,2.735563385882916,2.780829839814887,0.6772457678447155,0.30007160756939494,67.0,65.0,69.0,2.3599087016181937,2.2128358208955223,1988.0,1986.0,2042.0,1.4078127632248145,0.1491549295774648,False,False
AMD,AMD Threadripper 3970X,CPU,CPU package RAPL,2000000,8T,8,5,24000000.0,0.16666666666666666,4.104921220780251e-05,4.054964509908505e-05,4.1322270420690786e-05,0.729906214089644,0.6099761072696154,0.007063166309481287,0.007017774463545727,0.007102904955802913,0.496102951299971,0.80204047247648,0.007063166309481287,0.007017774463545727,0.007102904955802913,0.496102951299971,0.80204047247648,172.23228450107254,172.16163805269093,173.25385892957115,0.26957534649887044,0.060813467506390474,2.900257013642636e-07,2.8456811007130677e-07,2.9361965136164787e-07,1.2260511904100437,1.3536796280162637,97.44408609000831,96.8001230864204,98.64492750036234,0.7333491267806359,0.6074832476965704,0.5663186733440032,0.5631498728245086,0.5699813094590884,0.4970421685494375,0.7977078446774812,584.6645165400498,580.8007385185225,591.8695650021741,0.7333491267806356,0.6074832476965704,3.3979120400640195,3.3788992369470523,3.4198878567545306,0.49704216854942534,0.797707844677452,69.0,66.5,71.5,2.6350552787298365,2.148695652173913,2234.0,2228.0,2244.5,0.33329745535268507,0.3981915846016114,False,False
AMD,AMD Threadripper 3970X,CPU,CPU package RAPL,2000000,10T,10,5,24000000.0,0.16666666666666666,3.564489481605937e-05,3.557270927092709e-05,3.5774813873252226e-05,0.23238104540599763,0.26373564486154966,0.006787167764432391,0.0067525140054005405,0.006798715725440349,0.25806171875906314,0.0976678249001704,0.006787167764432391,0.0067525140054005405,0.006798715725440349,0.25806171875906314,0.0976678249001704,190.17803409786615,189.8974648059957,190.74997322582203,0.17205264384480132,0.11891086487146246,2.4176868360948993e-07,2.402074714645289e-07,2.4328313537427393e-07,0.4664799533076458,0.3332858636858567,112.21809036322378,111.81067903455008,112.44597618821203,0.23212463968682254,0.264158528348918,0.5893475693059285,0.5883464324381678,0.5923729055943208,0.2587664576542558,0.09785510267229572,673.3085421793427,670.8640742073004,674.6758571292721,0.23212463968682193,0.2641585283489118,3.5360854158355703,3.530078594629006,3.554237433565924,0.25876645765425504,0.09785510267232367,68.0,68.0,70.0,1.5922167369336222,0.0,2285.5,2261.0,2325.0,1.0528571412238494,0.6811332312404288,False,True
AMD,AMD Threadripper 3970X,CPU,CPU package RAPL,2000000,16T,16,5,24000000.0,0.16666666666666666,3.0283297752475834e-05,2.7504384594787576e-05,3.059675011662261e-05,4.355929250870888,1.5345900531787793,0.006670853377216391,0.006324159273473759,0.006709991292178511,2.4041668617045326,0.8698418244511292,0.006670853377216391,0.006324159273473759,0.006709991292178511,2.4041668617045326,0.8698418244511292,220.34749300577403,219.2630185200186,228.635747790396,1.833120976170808,0.7296846679071938,2.0201612233679377e-07,1.7295847519820217e-07,2.0530392235010736e-07,6.85905476338518,2.412922415970427,132.0867022794244,130.73283930143413,145.46121068569357,4.554260593816988,1.5196361303064008,0.5996247431548869,0.5961260309152627,0.632495630153544,2.468744392129172,0.86507283524938,792.5202136765465,784.3970358086049,872.7672641141614,4.554260593816983,1.5196361303064005,3.597748458929322,3.5767561854915764,3.7949737809212643,2.468744392129171,0.865072835249398,72.0,67.0,73.0,3.5302110824222597,2.0591666666666666,2509.5,2391.0,2612.0,3.1497987369187372,0.9452719665271966,True,True
AMD,AMD Threadripper 3970X,CPU,CPU package RAPL,2000000,20T,20,5,24000000.0,0.16666666666666666,3.01567331193498e-05,2.8657915371474976e-05,3.0295913825336064e-05,2.278095665789816,0.6842561953862025,0.0068710531523307515,0.00668485437844801,0.006885172616398113,1.221873453164786,0.30466242891993317,0.0068710531523307515,0.00668485437844801,0.006885172616398113,1.221873453164786,0.30466242891993317,227.59547872300266,227.4739292826507,233.10257957285845,1.050144699942994,0.07917960465513288,2.0699328768208785e-07,1.9156071341712243e-07,2.086791020509066e-07,3.468327332248386,1.2074731558684135,132.64039888789932,132.03103174238936,139.57777714320474,2.340703941637051,0.6811256129413624,0.582152542391285,0.5809585744633501,0.5983682878300298,1.239795385495931,0.3040743999304748,795.8423933273959,792.1861904543362,837.4666628592283,2.3407039416370474,0.6811256129413624,3.49291525434771,3.4857514467801005,3.590209726980179,1.2397953854959305,0.3040743999304748,73.0,72.0,74.0,1.0173111779280744,1.0154794520547945,2721.5,2611.0,2742.0,1.98837720627617,0.8988756200624656,True,True
AMD,AMD Threadripper 3970X,CPU,CPU package RAPL,2000000,32T,32,5,24000000.0,0.16666666666666666,3.401054232133806e-05,3.2208521319184084e-05,3.4383457242760635e-05,2.982901582759178,1.625624364578959,0.0074876793208312215,0.007287549771239753,0.007572577995043623,1.705108599419109,1.681038530017238,0.0074876793208312215,0.007287549771239753,0.007572577995043623,1.705108599419109,1.681038530017238,220.71831241358177,219.95920951393555,226.53309427023441,1.419586709033184,0.509901487877739,2.5488527005558656e-07,2.347997572317851e-07,2.6060186187071e-07,4.7019418879749075,3.3251898092242405,117.61072317897433,116.33501870577209,124.19134174310787,3.016823028226368,1.6081522167765778,0.5342110259252635,0.5282216984254731,0.5488828408581731,1.7130203918913078,1.6622227023130676,705.6643390738459,698.0101122346326,745.1480504586473,3.016823028226373,1.608152216776542,3.2052661555515813,3.169330190552839,3.293297045149038,1.713020391891304,1.6622227023130671,63.5,62.5,67.0,2.66811721942076,1.1674015748031494,3082.5,3032.0,3166.5,1.6759337125516385,1.5631630170316302,False,False
AMD,AMD Threadripper 3970X,CPU,CPU package RAPL,2000000,64T,64,5,24000000.0,0.16666666666666666,6.043162779485326e-05,2.353506e-05,6.106553147574819e-05,31.113179751851376,1.5551882873075067,0.011816245432068986,0.00510763251,0.011880447732653433,28.652319694681687,0.8055547880561812,0.011816245432068986,0.00510763251,0.011880447732653433,28.652319694681687,0.8055547880561812,196.22101755641052,194.52026217921497,219.4507742274152,5.349860513132539,1.139563509979901,7.163410447729894e-07,1.204367603627004e-07,7.250357652682909e-07,44.62440737148592,1.7995328761901552,66.19050609804225,65.5034200543141,170.25410805416297,53.468033096620275,1.5390028396556943,0.33851700485635505,0.3366877336773454,0.7847762075547995,46.663269816838294,0.8011643170335139,397.14303658825355,393.0205203258846,1021.5246483249779,53.468033096620275,1.5390028396557258,2.03110202913813,2.020126402064072,4.708657245328798,46.66326981683832,0.8011643170334979,61.5,60.0,65.5,3.493012651121107,2.410731707317073,4123.0,3896.5,4147.5,2.5598443605749726,0.2876740237691002,False,False
AMD,AMD Threadripper 3970X,CPU,CPU package RAPL,4000000,1T,1,5,48000000.0,0.16666666666666666,0.0022589370786516853,0.0022357332589285715,0.0022624886877828055,0.5346105589792489,0.2331014771310818,0.16473497209821428,0.16034010496613996,0.1671255390625,1.5179551146909194,0.6690408572182047,0.16473497209821428,0.16034010496613996,0.1671255390625,1.5179551146909194,0.6690408572182047,73.16995166782455,70.86642977213236,74.70572817408285,1.9376747846379068,1.3409927043264322,0.0003710543736748455,0.0003624887525677634,0.00037331230484897413,1.2040944560431237,0.8787051861818385,3.541488757541512,3.535929287358031,3.5782445233310733,0.5359412847823871,0.23274026993525418,0.04856285167216831,0.047868227860061056,0.049893943029373264,1.532601364539446,0.6720996379958109,21.24893254524907,21.215575724148188,21.46946713998644,0.5359412847823796,0.2327402699352232,0.2913771100330099,0.28720936716036627,0.29936365817623956,1.5326013645394478,0.6720996379958107,53.0,53.0,59.0,4.767112314409754,0.0,1810.0,1794.0,1825.0,0.6190899849820354,0.2866906077348066,False,False
AMD,AMD Threadripper 3970X,CPU,CPU package RAPL,4000000,2T,2,5,48000000.0,0.16666666666666666,0.00125223875,0.0012390740049751244,0.0012675714285714287,0.9124564982658518,0.9344633275012046,0.10129553018867925,0.10128856447534768,0.10516651977750309,1.6403241974124154,0.010195283608420145,0.10129553018867925,0.10128856447534768,0.10516651977750309,1.6403241974124154,0.010195283608420145,81.68674401443181,79.87938998606757,84.57401241647389,2.233626748234663,2.358878551793779,0.00012809157829602968,0.00012554278092991896,0.00013055702597656156,1.4013943417819885,0.6037054747450912,6.38855978737216,6.31128174475365,6.456434484995814,0.9117318799241799,0.9286493599414252,0.07897683139267003,0.076069958832814,0.07898226750027341,1.610176274041018,0.010204984158838143,38.33135872423296,37.8676904685219,38.73860690997489,0.9117318799241871,0.9286493599414458,0.4738609883560203,0.45641975299688403,0.47389360500164046,1.6101762740410186,0.01020498415879472,54.0,52.0,55.5,2.5110141423989396,2.7455555555555553,1867.5,1849.5,1871.5,0.4636011465178759,0.23816867469879516,False,False
AMD,AMD Threadripper 3970X,CPU,CPU package RAPL,4000000,4T,4,5,48000000.0,0.16666666666666666,0.0002036182576836963,0.0001730368874055858,0.00021413744934954148,9.391572512933182,7.659309995672758,0.02340958733205374,0.02015517082381873,0.025034601465499694,10.232671421348414,10.291706214522172,0.02340958733205374,0.02015517082381873,0.025034601465499694,10.232671421348414,10.291706214522172,116.0356639323505,109.26306076668641,122.91065377349469,4.3682542009500995,3.254034456199436,5.012713116295285e-06,3.4875883147497576e-06,5.264977007783296e-06,18.58145857638185,7.4611579965409955,39.28921320807839,37.35918240509808,46.232923753383616,9.702524506870398,7.283077045457975,0.3417403906456742,0.31955772681311617,0.39692049413712194,10.464167665501101,9.623684615100036,235.7352792484703,224.15509443058843,277.3975425203016,9.702524506870395,7.283077045458002,2.050442343874045,1.917346360878697,2.3815229648227314,10.464167665501096,9.623684615100045,62.0,58.0,64.0,3.7260634807161366,4.78258064516129,1953.0,1945.0,2024.0,1.7463228943447713,0.6073118279569892,False,False
AMD,AMD Threadripper 3970X,CPU,CPU package RAPL,4000000,8T,8,5,48000000.0,0.16666666666666666,7.267587728514393e-05,7.155567084078712e-05,7.313223498807718e-05,0.8897606310552102,0.9309773141288687,0.013358168613933236,0.013206098139534883,0.01340687625550979,0.6049382666782092,0.5405976783829233,0.013358168613933236,0.013206098139534883,0.01340687625550979,0.6049382666782092,0.5405976783829233,183.87239163102717,183.11121701693068,184.47416086638736,0.3129803172423542,0.38080014144209684,9.713371793227892e-07,9.449721747264225e-07,9.807700445733119e-07,1.4966113095090383,1.4397848983990582,110.07782100513552,109.39088928076252,111.8013333236162,0.8928422207985509,0.9252045191809263,0.5988845025311891,0.596708778304501,0.6057810067347253,0.6066329070181947,0.5386228437794296,660.466926030813,656.3453356845752,670.8079999416973,0.8928422207985562,0.9252045191809073,3.593307015187134,3.580252669827006,3.6346860404083516,0.60663290701819,0.5386228437794022,72.0,69.0,72.0,1.828668276354179,0.0,2166.5,2131.0,2234.5,1.8629632982331268,1.8476898222940223,False,False
AMD,AMD Threadripper 3970X,CPU,CPU package RAPL,4000000,10T,10,5,48000000.0,0.16666666666666666,6.205777213307725e-05,6.095314099861471e-05,7.010488676996424e-05,5.774307038517333,2.63903466666867,0.012872274951985625,0.012644434078178644,0.013561008834046134,2.795249049085757,1.781400824673393,0.012872274951985625,0.012644434078178644,0.013561008834046134,2.795249049085757,1.781400824673393,205.935231435192,193.67744155750404,207.53143670468438,2.8533358026858977,1.0509289503158628,7.99134832867483e-07,7.708592354911071e-07,9.513945766684635e-07,8.70273274906551,4.829965673636535,128.91230345554365,114.1147383262263,131.2483757129129,5.41523819966736,2.686679731830277,0.6214908027311783,0.5899266320735247,0.6326894738430424,2.7318021345242043,1.7602580248458262,773.473820733262,684.6884299573578,787.4902542774776,5.415238199667368,2.686679731830309,3.72894481638707,3.539559792441148,3.796136843058254,2.7318021345242043,1.7602580248458435,71.0,70.0,72.0,1.1750843069298813,2.088169014084507,2239.5,2202.5,2336.5,2.248134546215861,0.4303148024112525,False,False
AMD,AMD Threadripper 3970X,CPU,CPU package RAPL,4000000,16T,16,5,48000000.0,0.16666666666666666,4.666662884632841e-05,4.626283553708044e-05,4.702981545024575e-05,0.6807641015600752,0.8978671927558541,0.011855411643080316,0.011804183390085349,0.011876642638321574,0.22621564496078825,0.02834814656508417,0.011855411643080316,0.011804183390085349,0.011876642638321574,0.22621564496078825,0.02834814656508417,254.02130643643653,252.12836799718707,255.15995584829136,0.5287238567931603,0.6601323865937007,5.53566906922599e-07,5.460951060545773e-07,5.575209988865361e-07,0.8629357368709681,1.0333124702222496,171.42892162983077,170.10492661700454,172.92512771684397,0.6814323498136756,0.8926401779132053,0.6747973196581851,0.6735910710986,0.677725864580563,0.22667069835432427,0.028366712847900055,1028.5735297789847,1020.6295597020272,1037.550766301064,0.6814323498136811,0.8926401779132215,4.048783917949111,4.041546426591601,4.066355187483379,0.2266706983543235,0.028366712847900055,77.0,76.0,77.5,0.742301709048918,0.9627272727272727,2551.0,2480.5,2678.0,2.9380109010810393,3.9520501764014115,True,True
AMD,AMD Threadripper 3970X,CPU,CPU package RAPL,4000000,20T,20,5,48000000.0,0.16666666666666666,4.5804192062531986e-05,4.534888536434928e-05,4.6933185415618276e-05,1.3027467295676438,0.3767295241711855,0.012158471238540358,0.012096769010485505,0.012291454663982798,0.5964325241378493,0.33162617818424983,0.012158471238540358,0.012096769010485505,0.012291454663982798,0.5964325241378493,0.33162617818424983,266.0480862071562,262.12311270137695,266.69959286872825,0.6855021134048273,0.3630636063642356,5.559689551761053e-07,5.484717560807643e-07,5.774202777128225e-07,1.9439805252517706,0.5556182041478075,174.6585585942492,170.45533430731774,176.41063462864264,1.2863714646714188,0.37606761181306336,0.6579781569837029,0.6508587209936953,0.6613336298007764,0.5940107654134383,0.33103628816157277,1047.9513515654953,1022.7320058439063,1058.4638077718557,1.2863714646714195,0.3760676118130311,3.9478689419022173,3.9051523259621717,3.9680017788046578,0.5940107654134414,0.3310362881615895,79.0,75.5,79.5,2.1465819047217893,0.9383544303797468,2650.5,2612.5,2789.0,2.609677556695188,2.1255913978494623,False,False
AMD,AMD Threadripper 3970X,CPU,CPU package RAPL,4000000,32T,32,5,48000000.0,0.16666666666666666,4.327333956571623e-05,2.2380667838312828e-05,4.363393962683062e-05,23.949323714865724,0.583724041993516,0.011886871882037988,0.006422146001757469,0.01199775966013407,22.687572968081053,1.3619680623339006,0.011886871882037988,0.006422146001757469,0.01199775966013407,22.687572968081053,1.3619680623339006,275.13544028375975,273.23356517051707,286.8773902799211,2.0129436625602115,0.2805724321606611,5.140301665065262e-07,1.437319166426406e-07,5.230362630063698e-07,37.71289584276348,1.8394367662523874,184.871358058272,183.34352581084076,357.45136024783267,35.27763228260958,0.586049632409166,0.6730116841552998,0.6667917837451098,1.245689524708919,32.59191203849367,1.3702027119665399,1109.2281483496317,1100.0611548650445,2144.708161486996,35.27763228260958,0.5860496324092116,4.038070104931799,4.0007507024706594,7.474137148253514,32.59191203849367,1.3702027119665237,70.0,65.5,70.5,3.022766619634509,1.059,3048.5,2878.0,3132.5,3.1773778909690584,1.9696670493685418,True,True
AMD,AMD Threadripper 3970X,CPU,CPU package RAPL,4000000,64T,64,5,48000000.0,0.16666666666666666,6.616281498890195e-05,6.609305828421741e-05,6.631052457934674e-05,0.13640286752526892,0.14262178029139516,0.015908746336815823,0.015819918820994906,0.015988972484328602,0.41587074410220254,0.5114200545789256,0.015908746336815823,0.015819918820994906,0.015988972484328602,0.41587074410220254,0.5114200545789256,240.63118812308113,239.20296817137051,241.10245496942312,0.30577347369394015,0.1255535330050499,1.0516560411844896e-06,1.0459578414053134e-06,1.060692275355069e-06,0.5523751289982387,0.7923704644696336,120.91385495548656,120.64449967926525,121.04152950873241,0.1363296102792971,0.1424181653200778,0.5028680362112232,0.5003450516810971,0.505691640927059,0.4163486072725071,0.5096587364185708,725.4831297329192,723.8669980755915,726.2491770523944,0.13632961027929996,0.14241816532008947,3.017208217267339,3.002070310086583,3.0341498455623537,0.4163486072725008,0.5096587364185491,66.0,62.0,67.0,3.0534351145038165,1.123181818181818,4105.5,4094.0,4141.0,0.44811774913559915,0.2889002557544757,False,False
AMD,AMD Threadripper 3970X,CPU,CPU package RAPL,8000000,1T,1,5,96000000.0,0.16666666666666666,0.004349376623376623,0.004316611587982832,0.004371141304347827,0.495762116423606,0.5641322154462649,0.3239960347826087,0.31533127272727274,0.3297831282608696,1.8429174085234237,2.037525878396505,0.3239960347826087,0.31533127272727274,0.3297831282608696,1.8429174085234237,2.037525878396505,74.0561436882002,72.52098252322443,75.5415095937447,1.6597320563207945,2.696386506082876,0.0014162373459091113,0.0013712635291769268,0.0014395554545428544,2.1191680707563023,2.4410758521690736,3.678688236701858,3.6603712601088865,3.706612570852603,0.4970082527936695,0.5619995528356783,0.049383325922493296,0.04851673347350584,0.050740290355044675,1.8511946027107744,2.065901046421742,22.072129420211148,21.962227560653318,22.23967542511562,0.49700825279367566,0.561999552835696,0.2962999555349598,0.29110040084103506,0.30444174213026803,1.851194602710771,2.065901046421742,54.0,53.0,55.0,1.3094570021973104,0.0,1809.5,1794.0,1832.0,0.7520849831791103,0.12290135396518374,False,False
AMD,AMD Threadripper 3970X,CPU,CPU package RAPL,8000000,2T,2,5,96000000.0,0.16666666666666666,0.002860307142857143,0.0028443579545454544,0.0028857118155619596,0.6446829407370496,0.826703756271764,0.23554587714285716,0.23072163636363635,0.23600016332378226,1.014976507967081,0.28594204237804344,0.23554587714285716,0.23072163636363635,0.23600016332378226,1.014976507967081,0.28594204237804344,81.74542460139295,81.06298426255805,82.32285991052935,0.5694673014800288,0.4605668435279714,0.0006742284077437836,0.0006563396750477829,0.0006811004870668181,1.6401669327774513,1.5111414303092805,5.593804866308444,5.544564501454978,5.625171043617178,0.6439640715680313,0.8313392331223487,0.0679273240471,0.06779656326396433,0.0693476502474312,1.0209961684832891,0.2854019936697747,33.56282919785066,33.26738700872986,33.75102626170307,0.6439640715680341,0.8313392331223566,0.4075639442826001,0.40677937958378596,0.4160859014845872,1.0209961684832896,0.285401993669815,53.5,51.0,54.0,2.5361829612473987,1.385607476635514,1866.5,1834.0,1873.5,0.8374720873620006,0.436876506830967,False,False
AMD,AMD Threadripper 3970X,CPU,CPU package RAPL,8000000,4T,4,5,96000000.0,0.16666666666666666,0.0019545917968750003,0.001814709239130435,0.002004327655310621,3.7316495338133686,1.123829038039453,0.1876571728515625,0.1636070697463768,0.1944006970588235,6.8455970154458115,5.32777342734114,0.1876571728515625,0.1636070697463768,0.1944006970588235,6.8455970154458115,5.32777342734114,95.58076754458895,90.13967138290839,98.72491319926087,3.743700617737853,4.8770379934875105,0.0003669403690700722,0.0002970762229493739,0.0003838813651053911,10.14718421626148,6.84490528682262,8.185852538637757,7.982726777923837,8.816839783845321,3.881268664285107,1.1153757144941385,0.08526188917788591,0.08230423191342527,0.09779528672650858,7.192691737617385,5.143004339419057,49.11511523182655,47.89636066754302,52.90103870307193,3.8812686642851126,1.1153757144941598,0.5115713350673154,0.4938253914805516,0.5867717203590515,7.192691737617383,5.143004339419065,55.0,48.0,69.5,14.748869753405883,10.782545454545454,1936.5,1909.0,1947.5,0.819597827346288,0.7656080557707203,False,False
AMD,AMD Threadripper 3970X,CPU,CPU package RAPL,8000000,8T,8,5,96000000.0,0.16666666666666666,0.00023651129264776552,0.00021594806300553426,0.0002540548273254348,7.007997983921788,10.997379542400562,0.03766985656981786,0.03491170710940826,0.0391758016133098,5.196847938987613,5.927057665704159,0.03766985656981786,0.03491170710940826,0.0391758016133098,5.196847938987613,5.927057665704159,161.12844291623946,147.3973966669561,172.73754594614246,6.152214970914195,6.647010319252338,8.694471179145263e-06,7.510055128379312e-06,9.94595211621841e-06,10.764743345056594,9.707515959052113,67.65006854731371,62.97853214705003,74.0922964711979,7.013693596692326,10.238008646195155,0.4247429444528754,0.40841550152752004,0.458298987073947,5.257574394670522,5.699227543923949,405.90041128388225,377.87119288230014,444.55377882718744,7.013693596692335,10.238008646195174,2.548457666717252,2.45049300916512,2.749793922443682,5.257574394670525,5.699227543923937,65.0,59.0,66.0,4.623160251960071,2.280923076923077,2201.5,2128.0,2216.0,2.041174580541805,0.9765023847376788,False,False
AMD,AMD Threadripper 3970X,CPU,CPU package RAPL,8000000,10T,10,5,96000000.0,0.16666666666666666,0.0005569021134593994,0.0005419290357529794,0.0005765049019607843,2.236321872921076,1.1918852315357027,0.06575940547128928,0.06451367964404894,0.07261660431856422,4.938041344822241,2.8085915592300896,0.06575940547128928,0.06451367964404894,0.07261660431856422,4.938041344822241,2.8085915592300896,117.43349126076667,115.7981645205584,129.3052365636563,4.575088866121465,2.064603035303605,3.601699328546582e-05,3.5645021704404795e-05,4.0781515691551414e-05,6.153725788957722,1.531180189612394,28.730363292977554,27.753450067800912,29.52416082004023,2.227530792757548,1.1823730776636632,0.24331124145863203,0.22033535099737175,0.24800941914768596,4.724535452999837,2.862801652744692,172.38217975786532,166.52070040680547,177.14496492024136,2.2275307927575456,1.1823730776636572,1.4598674487517922,1.3220121059842307,1.4880565148861158,4.72453545299983,2.8628016527446976,54.5,53.0,56.0,2.7522935779816518,4.080550458715596,2157.0,2147.0,2176.5,0.5571868613448646,0.6873435326842837,False,False
AMD,AMD Threadripper 3970X,CPU,CPU package RAPL,8000000,16T,16,5,96000000.0,0.16666666666666666,0.00016177958346481541,0.00012419900682805713,0.00024022681524083395,26.548298827325013,28.063334104532206,0.03293511644051751,0.027897043389199256,0.03939467709082195,14.16482877834156,18.35146467927307,0.03293511644051751,0.027897043389199256,0.03939467709082195,14.16482877834156,18.35146467927307,202.99626395744798,164.07299991110665,224.52338254988354,12.05955108364127,15.722509076243492,5.338861208702964e-06,3.4637463059133346e-06,9.470369489003888e-06,41.09331208157578,36.17611310266636,98.90040044210288,66.60375767536317,128.8255069044535,24.83379943856985,23.59733035726369,0.4858036771390607,0.40614628074584735,0.573537483829294,13.737567752288463,20.943868525412828,593.4024026526172,399.6225460521791,772.9530414267209,24.83379943856984,23.597330357263672,2.914822062834364,2.4368776844750846,3.4412249029757636,13.737567752288449,20.943868525412828,68.0,61.0,69.0,5.38324159553035,2.1802941176470587,2457.0,2397.0,2486.0,1.6804521773925516,1.74991452991453,False,False
AMD,AMD Threadripper 3970X,CPU,CPU package RAPL,8000000,20T,20,5,96000000.0,0.16666666666666666,0.000662736267372601,0.0006549748036649215,0.0007301119620714806,4.517312773470334,1.7363084924604069,0.08353995334215752,0.08187544633507854,0.09024127060539752,4.064907783844706,2.9540333576532616,0.08353995334215752,0.08187544633507854,0.09024127060539752,4.064907783844706,2.9540333576532616,124.97246958412772,123.59645282475117,126.00480969080539,0.8429308764971739,1.1307471329935717,5.536351908272711e-05,5.361602563836269e-05,6.589980849588991e-05,8.723606525526426,4.679676840526205,24.14233351664033,21.914447192683607,24.428436801000597,4.315350288041726,1.7569831395965192,0.1915251372414176,0.17730247710468297,0.19541878257587159,3.940704145240427,3.014078807621463,144.85400109984198,131.48668315610166,146.57062080600357,4.315350288041717,1.7569831395965192,1.1491508234485055,1.063814862628098,1.1725126954552296,3.940704145240418,3.014078807621485,58.0,56.0,60.0,2.5485218168713613,2.556206896551724,2544.5,2515.5,2556.0,0.6572397500630851,0.6700687757909215,False,False
AMD,AMD Threadripper 3970X,CPU,CPU package RAPL,8000000,32T,32,5,96000000.0,0.16666666666666666,8.388368542663805e-05,7.815402567094517e-05,9.78706550474885e-05,8.989984029146802,5.966923533055655,0.023155995866043094,0.022410019253208867,0.026239440908645842,6.27150594980462,4.77623563497818,0.023155995866043094,0.022410019253208867,0.026239440908645842,6.27150594980462,4.77623563497818,286.71372260129306,268.08331880557864,286.8769906181344,3.2440507788382678,0.08442608172808275,1.962802688869158e-06,1.7516885014342513e-06,2.5680720144935207e-06,15.594668085727276,7.983460457416189,190.74054190522662,163.48118985303805,204.72399113446562,8.341072999870912,6.217463764645165,0.6909667612336079,0.6097691634609099,0.7139663691156796,5.963666059338505,4.9350012994953465,1144.4432514313598,980.8871391182282,1228.3439468067936,8.34107299987091,6.217463764645143,4.145800567401647,3.65861498076546,4.283798214694077,5.963666059338492,4.935001299495339,69.0,67.0,71.0,2.072043569215102,1.0743478260869566,3068.5,2991.5,3109.0,1.4682046231257109,1.1112856444516863,True,True
AMD,AMD Threadripper 3970X,CPU,CPU package RAPL,8000000,64T,64,5,96000000.0,0.16666666666666666,0.00010807980789984891,9.91869608329202e-05,0.00012373987941429804,8.108579599872497,0.33070873724735617,0.028353812707953202,0.022243682746653448,0.03047296714654854,11.273810078778407,0.8662264833737637,0.028353812707953202,0.022243682746653448,0.03047296714654854,11.273810078778407,0.8662264833737637,260.9443356015001,224.26015030887788,262.81925622743984,6.622343399563535,1.0652683123435827,3.057493789137774e-06,2.206283290204398e-06,3.772194737339456e-06,18.30984773607325,1.1897525870933854,148.0388544478784,129.30351422597516,161.31152593584306,7.768734131039351,0.33006662338861786,0.5642980313078461,0.5250555361415803,0.71930535018283,12.855935433306687,0.8713113024758935,888.2331266872704,775.821085355851,967.8691556150585,7.768734131039355,0.33006662338859893,3.385788187847076,3.1503332168494813,4.31583210109698,12.855935433306687,0.871311302475913,67.5,58.0,68.5,6.631535589681771,2.1964444444444444,4090.0,3943.5,4100.0,1.6359473527341974,0.2356210268948655,False,False
AMD,AMD Threadripper 3970X,CPU,CPU package RAPL,16000000,1T,1,5,192000000.0,0.16666666666666666,0.009186325688073394,0.009164131818181818,0.009222981818181819,0.24954681708483892,0.21836722221341315,0.6663207409090909,0.6595918954545454,0.6921705681818182,2.235315721583465,1.4972048232054305,0.6663207409090909,0.6595918954545454,0.6921705681818182,2.235315721583465,1.4972048232054305,72.61486702339334,71.86329354730276,75.15113450489883,2.0542543541290383,1.5345106055113025,0.00611346909853438,0.006054023956678512,0.0063838754865126034,2.4155915093970215,1.4416261192297335,3.4834385246493387,3.469593823101307,3.4918777802263268,0.24927815694626346,0.21868912851004463,0.048024919682121095,0.046231435759584584,0.048514881951130115,2.219759342247849,1.5125856843508825,20.900631147896032,20.817562938607843,20.951266681357957,0.2492781569462572,0.21868912851004463,0.2881495180927266,0.2773886145575075,0.29108929170678066,2.2197593422478414,1.5125856843508536,56.5,54.0,64.0,6.772864751233004,6.560176991150442,1829.0,1814.0,1848.5,0.6838389672036126,0.40530344450519407,False,False
AMD,AMD Threadripper 3970X,CPU,CPU package RAPL,16000000,2T,2,5,192000000.0,0.16666666666666666,0.005833203488372093,0.005814031976744186,0.005911141176470588,0.6763797120539271,0.3803234244019291,0.4750576941176471,0.4720481017441861,0.4782188081395349,0.5060884809580872,0.5820735981239354,0.4750576941176471,0.4720481017441861,0.4782188081395349,0.5060884809580872,0.5820735981239354,81.26588746012303,80.28167039559362,82.07043673463974,0.9029095008048321,1.4206062026639095,0.002771768004003709,0.002745584919948367,0.002806954789688962,0.8217405713666099,0.7686162976119209,5.485837938087018,5.413506314662872,5.503925707417613,0.6711247093370237,0.381259795824399,0.06736025054089294,0.0669149758548874,0.06778972219954763,0.5063521504442156,0.5798196630056709,32.91502762852211,32.48103788797722,33.023554244505675,0.6711247093370278,0.38125979582435093,0.4041615032453576,0.40148985512932445,0.4067383331972857,0.506352150444206,0.5798196630056607,57.5,53.0,67.0,9.675036360627843,9.024521739130435,1862.5,1834.0,1874.0,0.8559599474746613,0.9154308724832214,False,False
AMD,AMD Threadripper 3970X,CPU,CPU package RAPL,16000000,4T,4,5,192000000.0,0.16666666666666666,0.004815272727272727,0.004808485645933014,0.004845480676328503,0.29918019094091436,0.19306706044578176,0.44714830769230773,0.4311251111111111,0.4701563277511962,3.10583560539832,0.5660611766388948,0.44714830769230773,0.4311251111111111,0.4701563277511962,3.10583560539832,0.5660611766388948,92.76152984933475,88.96597789148197,97.64744720944128,3.315909890855994,0.8361133058844468,0.002155036212153419,0.0020924241186386734,0.002264300557562716,2.873034850164207,0.3433708024037788,6.645522208758089,6.604092272462994,6.654902285975497,0.29827979896678375,0.19282363766369998,0.07156462703339511,0.06806246804530292,0.07422439462713928,3.0723519350363673,0.5639083629922145,39.873133252548534,39.62455363477797,39.92941371585299,0.2982797989667833,0.19282363766369337,0.42938776220037067,0.4083748082718175,0.44534636776283565,3.0723519350363637,0.5639083629922145,60.5,53.0,67.0,8.680277773333192,7.351735537190082,1914.0,1910.0,1945.0,0.7947427643528812,0.3098432601880878,False,False
AMD,AMD Threadripper 3970X,CPU,CPU package RAPL,16000000,8T,8,5,192000000.0,0.16666666666666666,0.003939277559055118,0.003887742248062016,0.003966089285714286,0.8791965347876894,1.0090953315413984,0.4530640486381323,0.41754243650793654,0.4875454670542636,5.836818089830231,6.2776642464963,0.4530640486381323,0.41754243650793654,0.4875454670542636,5.836818089830231,6.2776642464963,115.40783025569783,105.2340241802741,125.38324716926212,6.645146992387849,7.318528748705509,0.0017659177104394084,0.0016563003180693498,0.0018957922555028245,5.06836058706827,4.205916754083358,8.123316926109771,8.068401432154008,8.230998344254653,0.8806925030236787,1.0022717576994078,0.07063019262507479,0.06563490599276998,0.07663892330329762,5.766611340701252,6.555261351190673,48.73990155665862,48.41040859292404,49.38599006552791,0.8806925030236827,1.0022717576994187,0.4237811557504487,0.3938094359566199,0.4598335398197857,5.766611340701255,6.555261351190702,54.0,52.0,62.5,7.281615723760591,5.491111111111111,2066.0,2062.0,2080.0,0.42528543144103886,0.28704743465634075,False,False
AMD,AMD Threadripper 3970X,CPU,CPU package RAPL,16000000,10T,10,5,192000000.0,0.16666666666666666,0.003548308510638298,0.0035119,0.0037123462962962966,2.2361912723334387,1.5212673224581166,0.41716382862190815,0.37083259751773046,0.41951132733812946,5.363871003873812,0.8343009047949205,0.41716382862190815,0.37083259751773046,0.41951132733812946,5.363871003873812,0.8343009047949205,116.36437423843378,104.47185755109453,119.12153498076556,6.3110285689675365,3.5129020744829917,0.001469334855953278,0.001316077628324028,0.001511642749757427,5.204219926440049,1.5793410497089504,9.018381589944497,8.619885503680774,9.111876765325416,2.196351131737543,1.5370379445277418,0.07670847274698459,0.07627922921201599,0.08629230659023757,5.565984954834216,0.8296299511053069,54.11028953966698,51.719313022084634,54.6712605919525,2.196351131737554,1.5370379445277613,0.46025083648190745,0.457675375272096,0.5177538395414253,5.565984954834205,0.8296299511052714,53.0,51.0,59.0,6.131222658639919,5.594716981132075,2151.0,2140.0,2174.5,0.6380054286568997,0.5858716875871688,True,True
AMD,AMD Threadripper 3970X,CPU,CPU package RAPL,16000000,16T,16,5,192000000.0,0.16666666666666666,0.003917064453125001,0.003906224609375,0.00393828431372549,0.3334430851368977,0.3636387361589854,0.49164851953125,0.477753251953125,0.50207980859375,2.173219159933441,3.1456271197170795,0.49164851953125,0.477753251953125,0.50207980859375,2.173219159933441,3.1456271197170795,125.49108365801357,122.33628178723221,128.4519832206131,2.112061458503141,3.4981207935642433,0.001926192243604958,0.0018655010984043045,0.001960650099079796,2.2652180132492217,2.6522387210625826,8.16938306304089,8.125365683841167,8.192053248937997,0.33282785528785014,0.3645338029551489,0.06508714894090675,0.06373488741046732,0.06698018306955549,2.177386356307036,3.0802746435394517,49.01629837824533,48.752194103047,49.152319493627985,0.33282785528785386,0.36453380295519194,0.3905228936454405,0.38240932446280385,0.4018810984173329,2.1773863563070432,3.0802746435394726,54.0,52.5,56.0,2.4011795230948985,2.7455555555555553,2395.0,2362.0,2404.0,0.8129067190037677,0.5571356993736951,False,False
AMD,AMD Threadripper 3970X,CPU,CPU package RAPL,16000000,20T,20,5,192000000.0,0.16666666666666666,0.004198146443514644,0.004124189300411522,0.00420822268907563,0.864197793207539,0.35584851242614063,0.5025979502074689,0.48600723662551437,0.5451314079497908,5.144851209727949,4.894049398023239,0.5025979502074689,0.48600723662551437,0.5451314079497908,5.144851209727949,4.894049398023239,120.70910812704102,117.84309689279526,129.851658670215,4.541253505150313,3.5201554562235047,0.002113871806724269,0.0020043858342903608,0.0022885210338609,5.799575881148654,7.678985178484164,7.622411566831546,7.6041603245688325,7.759100679656518,0.8694833884811723,0.3549964672131519,0.06366918129497506,0.05870154227949313,0.06584265722167214,5.101847135089951,5.0611541461353795,45.73446940098927,45.624961947413,46.55460407793911,0.8694833884811723,0.35499646721312317,0.3820150877698503,0.35220925367695877,0.39505594333003285,5.101847135089957,5.061154146135412,56.0,53.0,58.5,3.840323779929744,3.97125,2496.5,2487.0,2506.0,0.29282643830943705,0.29693570999399155,False,False
AMD,AMD Threadripper 3970X,CPU,CPU package RAPL,16000000,32T,32,5,192000000.0,0.16666666666666666,0.0037666315789473682,0.003717827777777778,0.0037954015151515155,0.8651761547805283,1.1324257900526882,0.5789694548872181,0.5770827992565055,0.5879191458333333,0.8402717803163272,0.4831266337944045,0.5789694548872181,0.5770827992565055,0.5879191458333333,0.8402717803163272,0.4831266337944045,154.81116910071384,153.43705975522147,155.69722229425295,0.5898663681560216,0.7935031427785963,0.0021842540363014936,0.0021508528899180984,0.002231057621875667,1.6011879896658354,2.22192016552003,8.495654364394642,8.43125555675664,8.607176534346287,0.8658957300140746,1.1238412970783207,0.05527061878301129,0.0544292537548779,0.05545131864155792,0.8378889359917955,0.48471614065514906,50.97392618636785,50.58753334053984,51.64305920607772,0.8658957300140695,1.1238412970782796,0.3316237126980677,0.32657552252926736,0.3327079118493475,0.8378889359917945,0.484716140655174,55.0,52.0,61.0,6.187720127525768,8.08690909090909,2975.0,2961.5,3001.0,0.5191569122259038,0.5232705882352942,False,False
AMD,AMD Threadripper 3970X,CPU,CPU package RAPL,16000000,64T,64,5,192000000.0,0.16666666666666666,0.003944830708661418,0.0039078501945525295,0.0040024203187251,1.0079904750175224,1.2122366341412556,0.6344854271653544,0.6297586031128404,0.6410909047619048,0.8182243877812875,1.1045154136268143,0.6344854271653544,0.6297586031128404,0.6410909047619048,0.8182243877812875,1.1045154136268143,160.85518789798954,159.79002139814432,161.24903045525753,0.35812220476225215,0.2435394309039336,0.002502574302571037,0.0024618496690803566,0.002559405453162711,1.8053246987584561,2.4126493088038377,8.11188169128182,7.995162299179128,8.188646503301321,1.0058131182755625,1.2024052009638377,0.05043457059260778,0.049914918193048045,0.05081312090957394,0.8175219511750977,1.1128055485343813,48.67129014769091,47.97097379507477,49.13187901980792,1.0058131182755636,1.202405200963838,0.30260742355564674,0.2994895091582883,0.30487872545744366,0.8175219511750921,1.1128055485343606,57.0,55.0,59.5,2.8053857580211905,1.3005263157894735,4147.5,4135.5,4172.5,0.3337636212900963,0.1429873417721519,False,False
AMD,AMD Threadripper 3970X,CPU,CPU package RAPL,32000000,1T,1,5,384000000.0,0.16666666666666666,0.018239927272727274,0.018166571428571428,0.018259227272727274,0.2001756930620396,0.15687661234693812,1.3689645454545454,1.345177294642857,1.3704954910714284,0.7816719642735583,0.16580268489255592,1.3689645454545454,1.345177294642857,1.3704954910714284,0.7816719642735583,0.16580268489255592,75.05681294341406,73.95569793979593,75.22559860008863,0.729024067082736,0.33340293142260113,0.02495266884140944,0.024420444550387114,0.025008436052223474,0.9874473422303177,0.3313491926590147,3.508786304491185,3.505077148115329,3.5229542507378726,0.2004531095371335,0.15672642234738657,0.04675066313106811,0.046698439965976044,0.047577374420719715,0.7884776871326179,0.16561490122275532,21.05271782694711,21.03046288869197,21.137725504427237,0.20045310953713805,0.15672642234739909,0.28050397878640865,0.28019063979585623,0.28546424652431823,0.7884776871326139,0.16561490122275532,55.0,50.0,64.0,9.145627021149032,1.3478181818181818,1809.0,1794.0,1834.0,0.9024575233663756,1.147396351575456,False,False
AMD,AMD Threadripper 3970X,CPU,CPU package RAPL,32000000,2T,2,5,384000000.0,0.16666666666666666,0.011489119318181818,0.011424210227272727,0.011553954022988507,0.40083018877932414,0.0756666114431273,0.9361870965909092,0.9328756874999999,0.9554872643678161,1.003478118385307,0.43122102153133185,0.9361870965909092,0.9328756874999999,0.9554872643678161,1.003478118385307,0.43122102153133185,81.49775398499634,81.08225855537489,82.61993607835679,0.7115681290089939,0.6879833079115827,0.010748121371179751,0.01067787356603932,0.011050341963739795,1.3815471315756227,0.41451816574391814,5.570487889792396,5.539229551236189,5.602137818014928,0.4008452739280378,0.07559003735196858,0.06836240681064246,0.06698153119157077,0.06860509033258763,0.9910770983559217,0.43262836242979685,33.422927338754384,33.23537730741713,33.61282690808957,0.40084527392804753,0.07559003735201583,0.41017444086385485,0.40188918714942456,0.4116305419955258,0.9910770983559287,0.43262836242974656,54.0,53.5,55.0,1.134023029066286,1.3727777777777777,1834.0,1834.0,1869.0,0.8618182845401612,0.0,False,False
AMD,AMD Threadripper 3970X,CPU,CPU package RAPL,32000000,4T,4,5,384000000.0,0.16666666666666666,0.009463226415094339,0.009458575471698115,0.009517353773584907,0.26634955792820664,0.07286614920512974,0.9132863018867925,0.8429721132075472,0.9459343915094339,4.176533583420309,1.8252210919868115,0.9132863018867925,0.8429721132075472,0.9459343915094339,4.176533583420309,1.8252210919868115,96.18923380214403,89.12812461326007,100.01788766846265,4.172702856381223,2.1440608187669246,0.008668761102079254,0.007981100914856444,0.008952663248614453,4.179831818780589,1.519126715395647,6.763021222110625,6.724558433185667,6.766346614162069,0.26579060260130394,0.0728997602336701,0.07007665110802486,0.06765797035233542,0.07592184901750124,4.310579720234613,1.8478675286503334,40.578127332663755,40.347350599114,40.59807968497242,0.2657906026013063,0.0728997602336701,0.4204599066481492,0.4059478221140125,0.4555310941050074,4.3105797202346166,1.8478675286503037,54.0,50.0,61.5,7.75419894872401,2.7455555555555553,1945.5,1912.0,1949.0,0.9573438572167001,0.2667232074016962,True,True
AMD,AMD Threadripper 3970X,CPU,CPU package RAPL,32000000,8T,8,5,384000000.0,0.16666666666666666,0.009607271428571429,0.009568557142857145,0.009778432038834953,0.8832873721397899,0.42180967094865296,1.055830639423077,0.9786391809523809,1.2020829285714285,9.175860499654114,10.839243724844744,1.055830639423077,0.9786391809523809,1.2020829285714285,9.175860499654114,10.839243724844744,109.7632494337217,101.86114935194661,125.48267313524263,9.648084967158791,10.673566646105904,0.010184665843022245,0.009403970216350793,0.011515561134213469,8.750413169865457,11.36472569589603,6.66162089833452,6.5450169381799626,6.688573842333487,0.8743983590682751,0.423014059608512,0.060615785999625915,0.05324097839506414,0.06539693715744563,9.103093196526268,11.694205708439139,39.96972539000712,39.270101629079775,40.13144305400092,0.8743983590682746,0.4230140596085186,0.3636947159977555,0.31944587037038485,0.3923816229446737,9.103093196526265,11.694205708439117,55.5,46.5,61.0,9.642365197998377,4.007027027027027,2070.5,2059.5,2096.0,0.8073553709918864,0.7876648152620139,False,True
AMD,AMD Threadripper 3970X,CPU,CPU package RAPL,32000000,10T,10,5,384000000.0,0.16666666666666666,0.009702740384615384,0.009678740384615386,0.009707552884615384,0.12275756036462342,0.06692442162949568,1.1264612451923077,1.0495389134615385,1.2497660528846155,7.837281171408823,10.1241875395872,1.1264612451923077,1.0495389134615385,1.2497660528846155,7.837281171408823,10.1241875395872,116.04222405148138,108.21944981350244,128.81071436976322,7.910200129880356,9.994676661903851,0.010934478234177977,0.01018256701528541,0.012125662069853042,7.770784305633479,10.195123619576396,6.596074662346254,6.592804676456739,6.612430694475986,0.12293352605601378,0.0668942209641205,0.05681510275919669,0.051209636195109584,0.06097915882569016,7.772867253174645,10.866176816311205,39.57644797407752,39.556828058740436,39.67458416685591,0.12293352605600134,0.06689422096405397,0.34089061655518016,0.3072578171706575,0.36587495295414096,7.772867253174646,10.866176816311198,55.0,54.0,66.0,9.204377803475268,2.6956363636363636,2153.5,2143.5,2176.5,0.6454041315911392,0.6884606454608776,False,False
AMD,AMD Threadripper 3970X,CPU,CPU package RAPL,32000000,16T,16,5,384000000.0,0.16666666666666666,0.009746014563106796,0.009715533980582523,0.009790354368932039,0.2895707938944819,0.23771177563745,1.320005432038835,1.2097554174757281,1.3290383106796115,4.4633781544429,1.0145523304498985,1.320005432038835,1.2097554174757281,1.3290383106796115,4.4633781544429,1.0145523304498985,135.38257451276385,124.1016864824364,136.7721693770289,4.655098360778602,1.5217714341553643,0.012843058402632248,0.011793172895133472,0.012914490562466255,4.281348120255239,0.8246113725387466,6.5667868354880365,6.537046354838411,6.5873888293006155,0.28915602874526686,0.23809321769675668,0.04848464901239749,0.04815512273323371,0.05290400757474199,4.54462957900007,1.0076501974125778,39.400721012928216,39.222278129030464,39.52433297580369,0.28915602874526564,0.23809321769675673,0.2909078940743849,0.28893073639940225,0.317424045448452,4.54462957900008,1.0076501974125567,55.0,52.0,59.5,4.852227075948911,0.0,2374.0,2364.5,2401.5,0.6883874725580359,0.5932898062342038,False,False
AMD,AMD Threadripper 3970X,CPU,CPU package RAPL,32000000,20T,20,5,384000000.0,0.16666666666666666,0.01073984574468085,0.010672425531914893,0.010745074468085106,0.28612341512904854,0.07218078828543256,1.329057824468085,1.307266079787234,1.364215510638298,1.6280623345448257,2.0686049438693797,1.329057824468085,1.307266079787234,1.364215510638298,1.6280623345448257,2.0686049438693797,124.28495362721006,121.64376606245784,127.304137079318,1.688881064054452,1.4117622363358768,0.014278285778887734,0.014048764361630377,0.014619194673476686,1.619043742714787,2.032224084199857,5.95911725212685,5.9562174483253205,5.996762387122883,0.28690863109607806,0.07214573793816977,0.04815441588743868,0.04691340894675135,0.048957133711164794,1.6251627526294172,2.0401425262711923,35.7547035127611,35.73730468995193,35.9805743227373,0.28690863109607917,0.07214573793814032,0.28892649532463205,0.281480453680508,0.2937428022669888,1.625162752629428,2.040142526271178,55.0,52.0,59.5,5.786338982743451,8.08690909090909,2541.0,2525.5,2551.5,0.374459425564549,0.20421487603305785,False,False
AMD,AMD Threadripper 3970X,CPU,CPU package RAPL,32000000,32T,32,5,384000000.0,0.16666666666666666,0.009849593137254902,0.009838632352941176,0.009866058823529412,0.0995898789456959,0.0038368858671787433,1.5070661666666667,1.504119274509804,1.5110784166666669,0.1643840062412596,0.010263955453397639,1.5070661666666667,1.504119274509804,1.5110784166666669,0.1643840062412596,0.010263955453397639,153.0268555966104,152.7025410872161,153.18437152517333,0.12199729331026665,0.0988932708440395,0.0148427738838144,0.01481556745880767,0.014912386094802239,0.25110204578962286,0.1328603750784878,6.497730324462212,6.486886118360244,6.5049691623217765,0.09954182867405945,0.0038367574930303783,0.04246661961681372,0.04235385835582414,0.04254981711389228,0.1642832370330472,0.010275852300826931,38.98638194677328,38.92131671016146,39.02981497393066,0.09954182867406532,0.003836757493057399,0.25479971770088233,0.25412315013494485,0.25529890268335365,0.16428323703304196,0.010275852300826931,55.5,55.0,57.0,1.502082632915755,1.3356756756756756,2964.0,2951.0,2989.0,0.46625958473624884,0.0,False,False
AMD,AMD Threadripper 3970X,CPU,CPU package RAPL,32000000,64T,64,5,384000000.0,0.16666666666666666,0.010006707920792078,0.009987712871287129,0.010032315,0.16008101107002057,0.08214845982028354,1.587847115,1.579325594059406,1.591865702970297,0.33067823892402654,0.36541192886234286,1.587847115,1.579325594059406,1.591865702970297,0.33067823892402654,0.36541192886234286,158.36517650240006,157.85504146752066,159.35039923244386,0.3592493246611784,0.4368768325329929,0.015901773254815163,0.01580353954639349,0.015948575077927456,0.3668502137886237,0.4363562593578919,6.39570993211889,6.379385017356157,6.407873441506,0.16002731199610232,0.08210456471112033,0.04030615487436773,0.04020439711741993,0.04052362618699139,0.33121631027083437,0.3645181911917602,38.374259592713344,38.27631010413694,38.447240649036,0.16002731199609918,0.08210456471112719,0.24183692924620642,0.24122638270451957,0.24314175712194833,0.3312163102708297,0.3645181911917601,56.0,54.0,57.0,2.2271734522341204,2.6475,4169.5,4145.5,4174.0,0.33167292388189534,0.16001199184554502,False,False
AMD,AMD Threadripper 3970X,CPU,CPU package RAPL,64000000,1T,1,5,768000000.0,0.16666666666666666,0.03607208928571429,0.035929,0.03633348214285714,0.42078451290529817,0.4587902399807411,2.664960625,2.59700125,2.712001607142857,1.7949330646864932,1.9805649032807073,2.664960625,2.59700125,2.712001607142857,1.7949330646864932,1.9805649032807073,73.8271289443166,71.4706306945412,75.50528754333718,2.221801887944869,2.2275097924190854,0.09610528529762247,0.09441785230770983,0.09740977692569772,1.369449265659873,1.9786660506500506,3.5484499458510195,3.522921368477154,3.5625817655963505,0.42028119999671193,0.457341951626615,0.048030733327513404,0.047197615097401474,0.04928761728619057,1.8027187555760298,1.9544674156440431,21.29069967510612,21.137528210862925,21.3754905935781,0.4202811999967023,0.45734195162661495,0.28818439996508044,0.28318569058440884,0.29572570371714346,1.8027187555760382,1.9544674156440787,54.0,53.0,55.0,1.3759180866596776,1.3727777777777777,1822.5,1794.0,1834.0,1.0249006316403808,0.9355226337448559,False,False
AMD,AMD Threadripper 3970X,CPU,CPU package RAPL,64000000,2T,2,5,768000000.0,0.16666666666666666,0.022605100000000003,0.02254717777777778,0.022699625,0.2807955568830007,0.3320158135406328,1.8410331666666666,1.8238102666666665,1.8677407954545453,0.9741810939713097,1.3285275816595459,1.8410331666666666,1.8238102666666665,1.8677407954545453,0.9741810939713097,1.3285275816595459,81.52527571682134,80.51708475237031,82.30169958735064,0.8633834493940671,1.2202705134055636,0.04150260342591111,0.041159325624620255,0.042400394423142564,1.1597097582765927,0.6721231089334693,5.662441273142441,5.63886005343975,5.676985533650607,0.28052814983983376,0.3327019999480503,0.0695261782048702,0.06853199903749657,0.07018273910506229,0.9690082401528975,1.3405408777070473,33.97464763885465,33.8331603206385,34.06191320190364,0.2805281498398317,0.3327019999480503,0.4171570692292212,0.4111919942249793,0.4210964346303737,0.9690082401529015,1.3405408777070078,53.0,49.0,53.0,3.426924103447954,0.0,1848.0,1834.0,1875.0,0.9062843195045576,1.123181818181818,False,False
AMD,AMD Threadripper 3970X,CPU,CPU package RAPL,64000000,4T,4,5,768000000.0,0.16666666666666666,0.01873884259259259,0.018696694444444446,0.018805166666666664,0.22327598047551284,0.1943545566621066,1.6901122685185186,1.6775143981481482,1.7283507962962963,1.2274739134466253,1.1051101727983534,1.6901122685185186,1.6775143981481482,1.7283507962962963,1.2274739134466253,1.1051101727983534,90.361299859327,89.59040292067897,91.94654465593092,1.0939683895548324,1.2648465692933546,0.03168235103271914,0.031415065379837105,0.03250631135417267,1.4111379698424682,1.2507837835445206,6.830731454939157,6.806640031922656,6.846130131447756,0.2230434957196099,0.19460959641095663,0.07573461409484326,0.07405904664737732,0.07630337263790031,1.222476502685954,1.1134161387293486,40.984388729634944,40.83984019153594,41.076780788686534,0.22304349571960297,0.1946095964109373,0.4544076845690596,0.4443542798842639,0.45782023582740183,1.2224765026859548,1.1134161387293302,57.0,50.5,63.0,9.323587391905077,13.005263157894737,1915.0,1913.5,1949.0,0.9529816820432295,0.11613054830287206,True,True
AMD,AMD Threadripper 3970X,CPU,CPU package RAPL,64000000,8T,8,5,768000000.0,0.16666666666666666,0.01895959433962264,0.018925462264150945,0.019064150943396228,0.2938195782853944,0.2669055792432152,2.094157773584906,1.9247716509433963,2.3796945377358494,9.792454064764804,11.992022215136135,2.094157773584906,1.9247716509433963,2.3796945377358494,9.792454064764804,11.992022215136135,110.45449219223688,101.57044668032532,125.15058839575808,9.838190939453074,11.92480777788214,0.03970410528112514,0.03647482012977501,0.04524784722275775,9.737921323834636,12.058546922269368,6.751199299093882,6.714172614912057,6.763375099812327,0.29338000866608605,0.26738719071128525,0.061122424305786696,0.053788418674612565,0.06650139508104633,9.669522331095544,13.047358906287553,40.507195794563295,40.28503568947234,40.58025059887397,0.2933800086660949,0.2673871907112852,0.3667345458347202,0.32273051204767533,0.3990083704862779,9.669522331095543,13.047358906287519,53.0,52.0,57.0,3.8687390584566645,2.7973584905660376,2098.0,2062.5,2101.0,0.9543519435873237,0.21200190657769302,False,True
AMD,AMD Threadripper 3970X,CPU,CPU package RAPL,64000000,10T,10,5,768000000.0,0.16666666666666666,0.019190018867924527,0.019153264150943396,0.019256451923076925,0.21046614925928583,0.19241842506570817,2.3016461320754713,2.010321254716981,2.4610260094339624,8.890795207615708,10.266417712032144,2.3016461320754713,2.010321254716981,2.4610260094339624,8.890795207615708,10.266417712032144,120.0747524849375,104.75554964898203,128.503273997319,9.0333504461653,10.406955447044847,0.044123466043291204,0.038579259630878965,0.047132256129979004,8.75531113497975,10.109886150255377,6.67013414032658,6.647122769812858,6.682933989442249,0.21027740708480053,0.19216900415561927,0.055612376366832375,0.05201088881312013,0.0636714167845513,9.01015099260951,9.601397739080122,40.020804841959475,39.882736618877146,40.0976039366535,0.2102774070848066,0.19216900415562588,0.3336742582009943,0.31206533287872074,0.38202850070730776,9.01015099260952,9.601397739080157,54.0,48.0,60.5,8.163033876615843,1.3727777777777777,2147.0,2136.0,2174.5,0.8067645994787049,0.7595994410805775,False,False
AMD,AMD Threadripper 3970X,CPU,CPU package RAPL,64000000,16T,16,5,768000000.0,0.16666666666666666,0.019279625,0.019256278846153843,0.019339548076923077,0.16289515009807065,0.05272075292718989,2.4292440865384615,2.341158028846154,2.631097144230769,4.433896960336824,2.2373176354301587,2.4292440865384615,2.341158028846154,2.631097144230769,4.433896960336824,2.2373176354301587,125.94901741476063,121.03841657646672,136.53907592652737,4.542234870858113,2.450494501655322,0.046851137968510544,0.04528443405156157,0.0507018498290821,4.326523880524545,2.003027389756233,6.639133289310394,6.618562107075868,6.647182535085395,0.1626550209197335,0.05270216581868645,0.05269128816098194,0.04864890700582127,0.05467379756352557,4.296790629013716,2.2040570066146934,39.83479973586236,39.7113726424552,39.883095210512366,0.16265502091973796,0.05270216581868645,0.3161477289658916,0.2918934420349276,0.3280427853811534,4.2967906290137154,2.2040570066147063,54.0,53.0,58.5,3.976207314012095,2.7455555555555553,2383.5,2359.0,2408.5,0.7443683196341363,0.3110132158590308,False,False
AMD,AMD Threadripper 3970X,CPU,CPU package RAPL,64000000,20T,20,5,768000000.0,0.16666666666666666,0.02142614893617021,0.021361319148936173,0.02145968085106383,0.17825082019074753,0.16025458055324893,2.7016636063829784,2.654723680851064,2.8713200638297875,3.2712929115310194,2.4522901591694137,2.7016636063829784,2.654723680851064,2.8713200638297875,3.2712929115310194,2.4522901591694137,125.89250344738724,123.85621791174594,134.13856757875106,3.3624261797726076,2.3980752248710995,0.05798083009549411,0.05687305308969579,0.06146240513536941,3.1926622085576164,2.534742529688825,5.974008873306543,5.964673982984399,5.992139311788668,0.17840364848826454,0.1604236163170003,0.04737829774068189,0.04457881087613408,0.04821594090132328,3.183902144387265,2.4932863280973265,35.844053239839255,35.78804389790639,35.952835870732,0.178403648488264,0.16042361631701504,0.2842697864440913,0.26747286525680447,0.2892956454079396,3.1839021443872637,2.493286328097385,55.0,55.0,57.0,1.6086819982012877,0.0,2526.5,2512.5,2558.5,0.7255899455483075,0.6161606966158718,False,False
AMD,AMD Threadripper 3970X,CPU,CPU package RAPL,64000000,32T,32,5,768000000.0,0.16666666666666666,0.01957935576923077,0.01951810576923077,0.019591442307692306,0.14731812705925737,0.09152242869622813,2.9984511153846154,2.9846430576923075,3.0058126442307693,0.2997129571008615,0.3639946841657226,2.9984511153846154,2.9846430576923075,3.0058126442307693,0.2997129571008615,0.3639946841657226,153.20052711053773,152.4391617276458,153.64219462777822,0.3866638594534072,0.427424287246926,0.058522442738503704,0.05843704531753643,0.05879339338427718,0.2551617104745596,0.2163447224713716,6.5374980542353,6.533464866436399,6.558013444829513,0.1475307087879482,0.09146624872457874,0.04268870663922,0.04258415930097906,0.04288621159770845,0.29980058465562237,0.3630981022358239,39.22498832541179,39.200789198618395,39.348080668977076,0.1475307087879496,0.09146624872453847,0.2561322398353201,0.2555049558058743,0.25731726958625073,0.29980058465562587,0.36309810223588806,56.0,53.5,65.0,8.298635056326537,6.6187499999999995,2971.5,2951.0,2987.0,0.4427553634969359,0.3742049469964664,False,False
AMD,AMD Threadripper 3970X,CPU,CPU package RAPL,64000000,64T,64,5,768000000.0,0.16666666666666666,0.019844823529411762,0.019842460784313724,0.019849245098039217,0.014069828487394737,0.015967358505100882,3.153166225490196,3.143431019607843,3.1665566078431375,0.30261642657814497,0.4547753736047891,3.153166225490196,3.143431019607843,3.1665566078431375,0.30261642657814497,0.4547753736047891,158.84527883147308,158.38323381833354,159.56184559177794,0.29510658863306516,0.36784703696602444,0.0625714234210796,0.06237753088930642,0.06284546629365782,0.30772113770097026,0.43450761936910876,6.450044889615066,6.448607964385795,6.450812800281268,0.014068916208002834,0.015966118536051663,0.04059411772589988,0.04042245952285972,0.04071983746930042,0.30217898396334864,0.4561743927734943,38.7002693376904,38.69164778631477,38.704876801687604,0.01406891620800415,0.015966118536024438,0.24356470635539923,0.24253475713715833,0.2443190248158025,0.30217898396335285,0.456174392773562,57.0,55.0,58.0,2.378795720744457,2.601052631578947,4147.0,4145.0,4173.5,0.2877526096868527,0.07150229081263564,False,False
AMD,AMD Threadripper 3970X,CPU,CPU package RAPL,128000000,1T,1,5,1536000000.0,0.16666666666666666,0.07135386666666665,0.07127833333333333,0.07171383333333334,0.2405281547510268,0.15694415065567538,5.268939333333334,5.211071866666666,5.3092856,0.885435406966306,1.13528304608807,5.268939333333334,5.211071866666666,5.3092856,0.885435406966306,1.13528304608807,73.84901018255617,72.92005483356971,74.41612358530651,0.808053225221538,1.1385424514684357,0.37599008120979993,0.3721608003750666,0.38115581022062006,1.032525276885856,1.3999360473885036,3.5877523105529927,3.569745436874639,3.5915542359970014,0.24001017549443998,0.1571104740621989,0.04858663037350931,0.04821741995763368,0.049126169615826776,0.8862386230649545,1.126629606476409,21.526513863317955,21.418472621247837,21.549325415982008,0.24001017549443288,0.1571104740621989,0.29151978224105585,0.28930451974580207,0.29475701769496065,0.8862386230649552,1.126629606476395,53.0,51.0,55.0,2.668327476175651,0.0,1795.0,1794.0,1833.5,1.0592347431999656,0.08259610027855152,False,False
AMD,AMD Threadripper 3970X,CPU,CPU package RAPL,128000000,2T,2,5,1536000000.0,0.16666666666666666,0.044502760869565214,0.044389869565217385,0.04499823913043478,0.5331658389744899,0.11710871870676601,3.6393945652173914,3.6171934782608695,3.8061263260869564,2.125577295502082,0.14466610720906065,3.6393945652173914,3.6171934782608695,3.8061263260869564,2.125577295502082,0.14466610720906065,81.77816924466295,80.77306430095315,85.42187409470603,2.241971910413496,1.0000196976422822,0.1619771957500378,0.16098879013130057,0.16947036562792345,2.1129654032339986,0.9047015313200154,5.752452106930248,5.689111555755458,5.767082033850177,0.5299150867562342,0.11701320295689872,0.07034137011995405,0.06726003323735044,0.07077310282111499,2.068817081387964,0.14481170715401065,34.51471264158148,34.134669334532745,34.602492203101065,0.5299150867562379,0.117013202956914,0.42204822071972425,0.40356019942410265,0.42463861692668997,2.0688170813879676,0.14481170715403016,53.5,50.0,56.0,4.636834114707162,6.9280373831775695,1869.0,1834.0,1872.5,0.9117650041131914,0.2776404494382022,False,False
AMD,AMD Threadripper 3970X,CPU,CPU package RAPL,128000000,4T,4,5,1536000000.0,0.16666666666666666,0.03706812962962963,0.03703351785714286,0.03725148148148148,0.24669079578933314,0.1384354009808779,3.4010507142857147,3.3496492222222223,3.449959537037037,1.2161090553949625,1.892309765943238,3.4010507142857147,3.3496492222222223,3.449959537037037,1.2161090553949625,1.892309765943238,91.841170468432,90.14634040195803,93.12574888918132,1.2238854099870693,1.0123182727040057,0.1259722804196875,0.1244378467344897,0.12829661705509326,1.2755026034276944,1.805914264705748,6.906202755185582,6.87220993889717,6.912656945624272,0.2463580516859013,0.13855635410091796,0.07527085760402195,0.07420382285425237,0.07642596241988617,1.2194924287606317,1.8684640055322908,41.43721653111349,41.233259633383014,41.47594167374562,0.24635805168589786,0.1385563541008798,0.4516251456241317,0.4452229371255142,0.45855577451931706,1.219492428760636,1.8684640055322816,54.0,52.0,61.0,6.801320288197495,5.491111111111111,1942.5,1913.0,1949.5,0.8068446538286452,0.5342702702702702,True,True
AMD,AMD Threadripper 3970X,CPU,CPU package RAPL,128000000,8T,8,5,1536000000.0,0.16666666666666666,0.03750653703703703,0.03746633333333334,0.037650388888888886,0.20350028572111697,0.15892165958227084,4.68970962962963,4.002576611111111,4.7487589074074075,8.822783814199093,1.8667778209596106,4.68970962962963,4.002576611111111,4.7487589074074075,8.822783814199093,1.8667778209596106,125.15569839070749,106.45549059156747,126.64382717846972,9.011185915320667,1.762844016777188,0.17574865635959122,0.15048499760013306,0.178064037265,8.640132429689332,1.9532346940595657,6.82547684328309,6.799398622692702,6.832801010405014,0.20331027333840573,0.15909233045967414,0.05458760152105782,0.05390882650711908,0.06395880228256019,9.113737402317893,1.8435538613605535,40.952861059698535,40.79639173615621,40.99680606243008,0.20331027333840213,0.15909233045968701,0.32752560912634693,0.3234529590427145,0.3837528136953612,9.113737402317895,1.84355386136056,53.5,53.0,56.0,2.4799275166356263,1.385607476635514,2094.5,2082.5,2098.0,0.3054637327411472,0.24774886607782284,False,True
AMD,AMD Threadripper 3970X,CPU,CPU package RAPL,128000000,10T,10,5,1536000000.0,0.16666666666666666,0.03808553703703704,0.0380292962962963,0.03818888888888888,0.15718219468318514,0.0903998455718159,4.19694687037037,4.062395888888888,4.849263388888889,7.738836645426739,4.753104847544588,4.19694687037037,4.062395888888888,4.849263388888889,7.738836645426739,4.753104847544588,109.90714616292853,106.5981831644636,127.51276916551797,7.851374680462985,4.463648373010736,0.1602658585334225,0.15477483848915158,0.18441569091083812,7.637165177373796,5.0796759784856675,6.721711702634346,6.7035205127050075,6.731652304225461,0.15702088258027186,0.09045561893380734,0.06099672292276053,0.05279152327582877,0.0630169997938578,7.425480743531559,4.910530181894662,40.33027021580608,40.22112307623004,40.389913825352764,0.15702088258027078,0.0904556189337812,0.3659803375365632,0.31674913965497264,0.37810199876314676,7.4254807435315495,4.910530181894622,51.0,50.0,54.0,3.597747487282636,2.9070588235294115,2168.5,2142.5,2175.0,0.7311465168003858,0.4444039658750288,False,False
AMD,AMD Threadripper 3970X,CPU,CPU package RAPL,128000000,16T,16,5,1536000000.0,0.16666666666666666,0.03827533333333333,0.0382350925925926,0.038322277777777775,0.09489696157273719,0.1271086107094992,5.167723555555555,4.807842703703703,5.233194203703704,4.368277607427067,1.8783276988586965,5.167723555555555,4.807842703703703,5.233194203703704,4.368277607427067,1.8783276988586965,135.09969773395176,125.47979290880988,136.86490522134025,4.437299202280498,1.9371594938398458,0.19765479414746775,0.18413529118452404,0.20009747564012828,4.291781240768981,1.832244746017405,6.688380693015511,6.680187508066561,6.69541994843733,0.09488260945561024,0.12721857564577743,0.0495382537663325,0.048918499089388875,0.05324633432861438,4.432851715646347,1.8548257441022147,40.13028415809306,40.08112504839937,40.172519690623986,0.0948826094556096,0.127218575645784,0.29722952259799496,0.2935109945363333,0.3194780059716863,4.4328517156463585,1.8548257441021736,56.0,53.0,70.0,11.679888177159068,2.6475,2384.0,2359.0,2401.0,0.6688885816791659,0.5286115771812081,False,False
AMD,AMD Threadripper 3970X,CPU,CPU package RAPL,128000000,20T,20,5,1536000000.0,0.16666666666666666,0.04262772916666667,0.04258829166666667,0.04267581249999999,0.07492745158429659,0.05419911041863677,5.2444975625,5.210107291666667,5.7564193333333336,5.167185518606483,0.9722001951545479,5.2444975625,5.210107291666667,5.7564193333333336,5.167185518606483,0.9722001951545479,123.05296017603742,122.22174259931629,135.16178373710255,5.166238535747793,1.0014900718225308,0.22345666671119965,0.22206846199655902,0.24516075109573005,5.174843965620642,0.9210520948950685,6.005480596461124,5.998714159185418,6.011041767980889,0.07492367518629485,0.05417940199217576,0.04881306779663792,0.044472092236995164,0.04913526457104336,5.072115354219392,0.9786087195413198,36.03288357876674,35.99228495511251,36.06625060788534,0.07492367518629531,0.054179401992146534,0.29287840677982746,0.266832553421971,0.2948115874262601,5.072115354219387,0.9786087195413129,55.5,55.0,60.0,3.7657129641210285,1.3356756756756756,2516.0,2504.5,2521.0,0.27361851986898733,0.2946343402225755,False,False
AMD,AMD Threadripper 3970X,CPU,CPU package RAPL,128000000,32T,32,5,1536000000.0,0.16666666666666666,0.03887988461538462,0.038872173076923075,0.03893034615384615,0.060862559437274026,0.029406277915148705,5.959221423076923,5.875691173076923,5.963969288461538,0.6433069156874847,0.11357447649799744,5.959221423076923,5.875691173076923,5.963969288461538,0.6433069156874847,0.11357447649799744,153.19069992660636,151.0688084874758,153.30222222539322,0.6355397164407286,0.08954720753153776,0.23166666580913536,0.22839711905012428,0.23221850849617895,0.6808692370079595,0.21597372646852905,6.584381683580247,6.575847013903268,6.585689663251861,0.060838578587575895,0.029451674497705402,0.04295863231874489,0.04292444388272086,0.043569442753394284,0.6489138008857686,0.11348865495901789,39.50629010148148,39.45508208341961,39.51413797951116,0.06083857858757139,0.02945167449769207,0.2577517939124693,0.25754666329632514,0.26141665652036566,0.6489138008857658,0.11348865495898598,54.5,48.0,68.0,13.121374469332558,1.360183486238532,2994.0,2971.5,3024.5,0.6525017474727666,0.47043086172344684,False,False
AMD,AMD Threadripper 3970X,CPU,CPU package RAPL,128000000,64T,64,5,1536000000.0,0.16666666666666666,0.03943226923076923,0.039419115384615386,0.039464480769230766,0.053150325248323874,0.04945668278322322,6.283972980769231,6.207047711538461,6.305840615384616,0.6114590040696404,0.3138814464189559,6.283972980769231,6.207047711538461,6.305840615384616,0.6114590040696404,0.3138814464189559,159.34347493707827,157.30711353715947,159.94260017393128,0.6488721868069115,0.36468068185662217,0.24778853505391935,0.24489584641788903,0.24857670604536536,0.5750730606590706,0.2413131784994673,6.492144758540514,6.486845807298229,6.494311143229294,0.05314285990489818,0.049473356787991495,0.040738558380390325,0.04059728363322315,0.04124344009894304,0.6151803480654386,0.3146028074905179,38.952868551243085,38.92107484378938,38.965866859375765,0.05314285990489913,0.04947335678798473,0.24443135028234192,0.24358370179933897,0.24746064059365827,0.6151803480654401,0.31460280749053476,57.0,52.5,58.0,4.055376721199858,2.601052631578947,4146.5,4144.5,4193.5,0.5133537323382191,0.05363318461352948,False,False
AMD,AMD Threadripper 3970X,CPU,CPU package RAPL,256000000,1T,1,5,3072000000.0,0.16666666666666666,0.14179881249999998,0.1412108125,0.1421753125,0.2574787343001483,0.27158573701028943,10.43848225,10.3277339375,10.742044,1.541745612167057,1.0928414660090937,10.43848225,10.3277339375,10.742044,1.541745612167057,1.0928414660090937,73.92780279755623,72.92920438409385,76.01940909870126,1.6803020099109007,1.7991575648884715,1.4760096821381798,1.465934188584625,1.5191428324705547,1.4192046300218615,1.0120480186051939,3.610749950444144,3.6011878169175526,3.625785028684167,0.2576196658975939,0.27207783984760714,0.0490492792634005,0.047663191235951495,0.049575277958316746,1.5237519807247166,1.084837804583471,21.664499702664862,21.607126901505314,21.754710172105003,0.2576196658975969,0.27207783984760714,0.294295675580403,0.28597914741570896,0.29745166774990045,1.5237519807247155,1.084837804583464,54.0,49.0,56.0,4.86548086674616,2.7455555555555553,1823.0,1794.0,1827.0,0.9107627045086444,0.3253099286889742,False,False
AMD,AMD Threadripper 3970X,CPU,CPU package RAPL,256000000,2T,2,5,3072000000.0,0.16666666666666666,0.08810991666666665,0.08795529166666666,0.088169,0.09020920808330658,0.03968299065841414,7.247583041666667,7.136900291666667,7.2563652916666666,0.7035762672064582,0.11850435863406385,7.247583041666667,7.136900291666667,7.2563652916666666,0.7035762672064582,0.11850435863406385,82.23281064670545,81.11371992303671,82.35711735237419,0.6403675627876757,0.16245651286955587,0.6381297600138751,0.6279908108560763,0.6394786371996666,0.7622022237134467,0.3045896661443651,5.810923816588588,5.807029681717134,5.821139516395723,0.09027907217514912,0.03969223613305576,0.07064424525670687,0.07055875221275815,0.07173982831898285,0.7100798451212333,0.11820109081059735,34.865542899531526,34.84217809030281,34.926837098374335,0.09027907217514354,0.03969223613301799,0.42386547154024123,0.42335251327654894,0.4304389699138971,0.7100798451212342,0.11820109081061676,54.0,49.0,65.0,10.671504692045753,0.0,1849.0,1834.0,1867.5,0.7551180746037188,1.1626663061114115,False,False
AMD,AMD Threadripper 3970X,CPU,CPU package RAPL,256000000,4T,4,5,3072000000.0,0.16666666666666666,0.07341321428571429,0.07339028571428571,0.07346267857142857,0.04066143197491646,0.04630487893869881,6.815670107142857,6.7506132857142855,6.900678964285714,0.9556313386122232,1.4151688965831366,6.815670107142857,6.7506132857142855,6.900678964285714,0.9556313386122232,1.4151688965831366,92.81429462554121,91.95365467345948,93.9732475347221,0.9330761875281636,1.374771847487848,0.5004636607114566,0.4955842150197449,0.5072024169571759,0.9844214339302773,1.4455127815369466,6.97422126778145,6.969525373897254,6.976400203536118,0.040656197617931496,0.046320442467082966,0.0751210117293738,0.07419560461602093,0.0758449693069132,0.9559065859836045,1.42881396263227,41.845327606688706,41.81715224338352,41.8584012212167,0.040656197617932745,0.046320442467057785,0.45072607037624285,0.4451736276961256,0.4550698158414792,0.9559065859835991,1.4288139626322516,56.5,53.0,62.5,7.0711887819151515,9.18424778761062,1914.5,1913.0,1954.0,1.112770694666177,0.11616087751371114,True,True
AMD,AMD Threadripper 3970X,CPU,CPU package RAPL,256000000,8T,8,5,3072000000.0,0.16666666666666666,0.07434742857142856,0.07426492857142858,0.07439857142857143,0.07908883793791036,0.10198658037938425,8.079975785714286,7.609909535714285,9.329672464285714,8.451382615322672,7.428114976670571,8.079975785714286,7.609909535714285,9.329672464285714,8.451382615322672,7.428114976670571,108.67877155391872,102.3354018962522,125.63341264407907,8.51964598730666,7.558355125529255,0.6007245762472807,0.5658544766411429,0.6927427354740765,8.38537627493938,7.281151855878462,6.8865865421565475,6.881852570362197,6.894236770028954,0.07909356569930259,0.10191677022193323,0.06336654131116218,0.05487866865986182,0.0672806947127245,8.049017955622489,7.073741310584846,41.31951925293929,41.29111542217318,41.365420620173715,0.07909356569930023,0.10191677022195234,0.380199247866973,0.32927201195917094,0.403684168276347,8.049017955622496,7.073741310584848,54.0,53.0,59.0,4.264014327112209,2.7455555555555553,2077.0,2061.5,2092.0,0.5201589255914978,0.10707270101107366,False,True
AMD,AMD Threadripper 3970X,CPU,CPU package RAPL,256000000,10T,10,5,3072000000.0,0.16666666666666666,0.07552878571428571,0.07542475,0.07556650000000001,0.07011124296643131,0.05005548499483671,8.919615392857143,8.03152292857143,9.713872178571428,7.122830828662033,7.697858617870952,8.919615392857143,8.03152292857143,9.713872178571428,7.122830828662033,7.697858617870952,118.12511672511008,106.33126190311866,128.79006067576577,7.177058655559835,7.734930368877162,0.6734819232061989,0.6067033123099083,0.7326053190402705,7.0657592686784065,7.677445990901691,6.778872388901002,6.775489169222702,6.788222701341029,0.07014755677523996,0.050072504709436985,0.05740157856649246,0.05270812621024988,0.06374880645931377,7.05637578894648,8.11943178257078,40.673234333406015,40.65293501533621,40.72933620804618,0.07014755677524358,0.050072504709411075,0.3444094713989547,0.31624875726149926,0.3824928387558826,7.056375788946477,8.119431782570816,56.0,51.0,58.0,4.810456929208347,5.295,2143.0,2138.0,2174.0,0.8412776357669509,0.34591693887074193,False,False
AMD,AMD Threadripper 3970X,CPU,CPU package RAPL,256000000,16T,16,5,3072000000.0,0.16666666666666666,0.07600596428571428,0.07600071428571428,0.07603700000000001,0.01987659207548794,0.008081207912721376,9.282217392857142,9.13893332142857,9.873677428571428,3.5564485377617028,2.2886014764475453,9.282217392857142,9.13893332142857,9.873677428571428,3.5564485377617028,2.2886014764475453,122.12980266334667,120.22917397602198,129.89291577885618,3.572731821903651,2.3072763816667243,0.705531715565074,0.6946741793666453,0.7504336921201835,3.529929062558927,2.2815959669364587,6.736313471181175,6.733563966774716,6.736778791011915,0.01987214699717897,0.0080896111748772,0.055159235470495074,0.051855046356597836,0.056024061963628746,3.516521587288938,2.3245277926410566,40.417880827087046,40.4013838006483,40.42067274607148,0.01987214699716982,0.0080896111748772,0.3309554128229705,0.31113027813958705,0.3361443717817725,3.5165215872889353,2.3245277926410437,56.0,54.0,62.0,5.359560872399616,2.6475,2373.0,2365.0,2385.0,0.3390978861367051,0.3436283185840708,False,False
AMD,AMD Threadripper 3970X,CPU,CPU package RAPL,256000000,20T,20,5,3072000000.0,0.16666666666666666,0.084852125,0.084710125,0.08492483333333332,0.09321980022087421,0.06224667325655809,10.60525025,10.524754166666668,11.331084749999999,3.103008535925063,0.42018415902068273,10.60525025,10.524754166666668,11.331084749999999,3.103008535925063,0.42018415902068273,124.94769276379603,124.01855420746307,133.75031778309193,3.1823452987315926,0.5199086114691939,0.9004104529065278,0.8929065280644131,0.9599515504569582,3.031916080529386,0.23892239093784498,6.034026852385692,6.028860827888639,6.0441417136076785,0.09326659469913692,0.06227299348712945,0.04827797687844798,0.04518543608231925,0.04864721751413616,2.9838934368588013,0.41897658356374284,36.20416111431415,36.17316496733183,36.264850281646076,0.09326659469914711,0.062272993487144,0.2896678612706879,0.2711126164939155,0.29188330508481697,2.983893436858804,0.4189765835637429,56.0,53.0,56.0,2.421734271660423,0.0,2131.0,2109.5,2136.5,0.5017423990616218,0.17393242609103707,False,False
AMD,AMD Threadripper 3970X,CPU,CPU package RAPL,256000000,32T,32,5,3072000000.0,0.16666666666666666,0.07734053846153846,0.0773273076923077,0.07740803846153846,0.04603410950616773,0.025363074594170025,11.875579576923077,11.84765096153846,11.92733823076923,0.2511358279238399,0.14382558863871184,11.875579576923077,11.84765096153846,11.92733823076923,0.2511358279238399,0.14382558863871184,153.50939308890622,153.23422598140644,154.04187877590346,0.1968494795029448,0.09946140351844153,0.9182928943291448,0.9162900297585768,0.9233715202225443,0.2892643879790106,0.11816607384046526,6.62007287258629,6.614300153922681,6.621205665503235,0.04602583409513205,0.02536949080452299,0.04311368524946679,0.04292659495123332,0.04321531875013064,0.25061479164507106,0.14396527127586678,39.72043723551774,39.68580092353608,39.72723399301942,0.046025834095138655,0.025369490804529618,0.25868211149680076,0.2575595697073999,0.25929191250078387,0.25061479164507666,0.14396527127587472,56.0,55.0,68.5,10.153820145877791,2.6475,2964.0,2953.0,2988.0,0.49201542240388124,0.5502226720647773,False,False
AMD,AMD Threadripper 3970X,CPU,CPU package RAPL,256000000,64T,64,5,3072000000.0,0.16666666666666666,0.07847038461538462,0.07834742307692308,0.0785115,0.0799705694077977,0.03800550918281008,12.490496307692307,12.435063423076924,12.557253,0.36606763230849426,0.3164408490093184,12.490496307692307,12.435063423076924,12.557253,0.36606763230849426,0.3164408490093184,159.14451404787846,158.40953670717516,160.05858442449204,0.3793821411664387,0.3137304721149352,0.9805832132652958,0.9759136865883491,0.9850136694198757,0.3701312811154877,0.4392337789273324,6.52475458026891,6.521337638699625,6.5349947989123045,0.08003024264877215,0.038014841487697834,0.040991167604698675,0.040773248757833,0.04117389540477087,0.36597699005285617,0.3157664911707471,39.148527481613456,39.12802583219775,39.20996879347383,0.08003024264877283,0.03801484148771129,0.24594700562819205,0.244639492546998,0.24704337242862523,0.3659769900528592,0.31576649117072203,57.0,56.0,63.0,4.970179888253423,2.601052631578947,4146.0,4132.5,4162.5,0.26305069000809533,0.1609189580318379,False,False
