problem_size,num_threads,runtime_per_op_s_median,runtime_1thread_s,speedup_vs_1thread,slowdown_vs_1thread,flag
64,1,6.152481265919355e-06,6.152481265919355e-06,1.0,1.0,ok
64,2,6.147713611058021e-06,6.152481265919355e-06,1.0007755167470325,0.9992250842131378,ok
64,4,6.149570334621919e-06,6.152481265919355e-06,1.0004733552328116,0.9995268687263527,ok
64,8,6.138008702643321e-06,6.152481265919355e-06,1.0023578596866116,0.9976476867379991,ok
64,10,6.1515220480141715e-06,6.152481265919355e-06,1.0001559317999182,0.9998440925110171,ok
64,16,6.1699189311566115e-06,6.152481265919355e-06,0.9971737610442173,1.0028342492213425,ok
64,20,6.145887099257799e-06,6.152481265919355e-06,1.001072939765254,0.9989282102006416,ok
64,32,6.154622143463655e-06,6.152481265919355e-06,0.9996521512621903,1.000347969778658,ok
64,64,6.16892163261208e-06,6.152481265919355e-06,0.9973349691126222,1.002672152255675,ok
128,1,4.032576485663944e-05,4.032576485663944e-05,1.0,1.0,ok
128,2,2.3433674537629407e-05,4.032576485663944e-05,1.720846843369997,0.58110923924041,ok
128,4,1.3358346501653233e-05,4.032576485663944e-05,3.0187691906066902,0.3312608340881561,ok
128,8,1.740314082033268e-05,4.032576485663944e-05,2.3171544305109273,0.4315638124212128,ok
128,10,1.7552939211756847e-05,4.032576485663944e-05,2.29737962230448,0.43527851918391675,ok
128,16,1.7469962627920784e-05,4.032576485663944e-05,2.3082914208522767,0.43322086239473867,ok
128,20,1.7336345923000644e-05,4.032576485663944e-05,2.3260821533987768,0.4299074297693401,ok
128,32,1.7360936455995474e-05,4.032576485663944e-05,2.322787423296698,0.43051722683288624,ok
128,64,1.7213043849901702e-05,4.032576485663944e-05,2.3427445609435154,0.42684977981434763,ok
256,1,0.00028682616129951553,0.00028682616129951553,1.0,1.0,ok
256,2,0.000157203605843954,0.00028682616129951553,1.8245520499334449,0.5480797327960457,ok
256,4,8.740453284798059e-05,0.00028682616129951553,3.2815936651521436,0.3047299885476947,ok
256,8,8.999734329971182e-05,0.00028682616129951553,3.187051425999527,0.31376964671549934,ok
256,10,0.00010045730370665605,0.00028682616129951553,2.8552046562694193,0.3502375907815272,ok
256,16,6.577063919149494e-05,0.00028682616129951553,4.361006139295756,0.2293048824190572,ok
256,20,9.300398849828402e-05,0.00028682616129951553,3.0840200074301936,0.3242521117213066,ok
256,32,7.902664824318989e-05,0.00028682616129951553,3.629486605794808,0.2755210608584168,ok
256,64,7.739902381882077e-05,0.00028682616129951553,3.705811096157124,0.26984645845466504,ok
512,1,0.0022319092920353983,0.0022319092920353983,1.0,1.0,ok
512,2,0.0011420125570776255,0.0022319092920353983,1.9543649307559143,0.511675165811135,ok
512,4,0.0006152287621359223,0.0022319092920353983,3.627771374483144,0.2756513288113345,ok
512,8,0.0005380061629153269,0.0022319092920353983,4.148482760757265,0.24105198398304534,ok
512,10,0.0005115522273425499,0.0022319092920353983,4.3630135355482444,0.22919938062359063,ok
512,16,0.0003210643998746475,0.0022319092920353983,6.951593801451666,0.14385190339964557,ok
512,20,0.0003318156415343916,0.0022319092920353983,6.7263534706035495,0.14866896370676025,ok
512,32,0.00038619490544191434,0.0022319092920353983,5.779230281356181,0.17303342336539243,ok
512,64,0.0004422077157802964,0.0022319092920353983,5.047196628166221,0.19812978840955645,ok
1024,1,0.017628657894736843,0.017628657894736843,1.0,1.0,ok
1024,2,0.008933424778761061,0.017628657894736843,1.973337027099442,0.5067558081904917,ok
1024,4,0.004755827014218009,0.017628657894736843,3.7067491820106677,0.2697781670400385,ok
1024,8,0.003370357142857143,0.017628657894736843,5.2305014416936695,0.19118625836305927,ok
1024,10,0.0031870857142857144,0.017628657894736843,5.531278250760116,0.18079003707010735,ok
1024,16,0.0018773803738317755,0.017628657894736843,9.390029927050081,0.10649593321521546,ok
1024,20,0.0018446700367647057,0.017628657894736843,9.556537236141729,0.10464041266099132,ok
1024,32,0.0016064703525641027,0.017628657894736843,10.97353453588457,0.09112834125868002,ok
1024,64,0.0017773418727915196,0.017628657894736843,9.918552060583037,0.10082116763535115,ok
2048,1,0.139054125,0.139054125,1.0,1.0,ok
2048,2,0.07115953333333333,0.139054125,1.9541180005864758,0.5117398231324193,ok
2048,4,0.03751074074074075,0.139054125,3.70704822816181,0.26975640413932883,ok
2048,8,0.02248711111111111,0.139054125,6.183725615661317,0.16171480789304962,ok
2048,10,0.020747214285714285,0.139054125,6.7023034073421215,0.14920243671817923,ok
2048,16,0.011923494117647059,0.139054125,11.662195966046275,0.08574714426952137,ok
2048,20,0.012032536144578313,0.139054125,11.55651005982274,0.08653131393677327,ok
2048,32,0.008388908333333334,0.139054125,16.57594998951989,0.06032836734137397,ok
2048,64,0.008330417355371902,0.139054125,16.69233593804642,0.059907732729049944,ok
4096,1,1.094909,1.094909,1.0,1.0,ok
4096,2,0.55553375,1.094909,1.970913558357165,0.507378923727908,ok
4096,4,0.292974,1.094909,3.737222415640978,0.2675784014927268,ok
4096,8,0.15210785714285713,1.094909,7.198240909880677,0.13892283024694943,ok
4096,10,0.1342165625,1.094909,8.157778590105076,0.12258239040870064,ok
4096,16,0.08286526923076923,1.094909,13.213123063062978,0.07568233454174661,ok
4096,20,0.07885184615384616,1.094909,13.885648255638127,0.07201680336342671,ok
4096,32,0.05427760526315789,1.094909,20.172389601410682,0.04957270902253785,ok
4096,64,0.058426138888888896,1.094909,18.740054037837893,0.053361639084973184,ok
8192,1,8.780321,8.780321,1.0,1.0,ok
8192,2,4.4424115,8.780321,1.9764762899609818,0.5059509213843093,ok
8192,4,2.358498,8.780321,3.7228443695945472,0.26861181954509405,ok
8192,8,1.1863905,8.780321,7.400869275335567,0.13511926272399377,ok
8192,10,1.0258425,8.780321,8.559131640578356,0.11683428202681882,ok
8192,16,0.64333725,8.780321,13.64808426684449,0.07327035651657837,ok
8192,20,0.5722885,8.780321,15.342473245574567,0.06517853960008978,ok
8192,32,0.4591805,8.780321,19.12172010788786,0.05229655043363448,ok
8192,64,0.4803816666666667,8.780321,18.277802025472802,0.05471117361958255,ok
16384,1,73.7586125,73.7586125,1.0,1.0,ok
16384,2,37.545548499999995,73.7586125,1.9645101868734187,0.5090327383802128,ok
16384,4,19.7590285,73.7586125,3.7329068329447472,0.26788774666822807,ok
16384,8,9.953508,73.7586125,7.410313278494376,0.13494706126691305,ok
16384,10,8.4150445,73.7586125,8.76508882395096,0.1140889750332546,ok
16384,16,5.235291999999999,73.7586125,14.088729434766964,0.07097872129847886,ok
16384,20,4.464921,73.7586125,16.519578397915662,0.060534232527760745,ok
16384,32,3.469416,73.7586125,21.25966228898466,0.047037435797751756,ok
16384,64,3.67175,73.7586125,20.088135766323962,0.04978062731318326,ok
