timestamp,host,gpu_name,matrix_size,mode,batches,seconds_target,seconds_gpu,seconds_wall,energy_j,avg_power_w,below_target,workload,impl,dtype,N,passes_kernel,passes_e2e,seconds_kernel,energy_kernel_j,avg_power_w_kernel,avg_power_w_e2e,bytes_total,bw_gb_s,time_mode,energy_mode,includes_transfer,device_name,driver_version,pcie_gen_current,pcie_width_current,pcie_rx_kbs,pcie_tx_kbs,clocks_sm_mhz,clocks_mem_mhz,temp_c,throttle_reasons,notes
2025-10-12T23:41:37,rock-tobefilledbyoem,AMD Ryzen Threadripper 3970X 32-Core Processor,0,kernel,11154,1.00,1.0099,1.0099,55.801,55.3,0,reduction,openblas,fp32,1000000,11154,477,1.0099,55.801,55.3,54.9,89232000000,88.36,kernel,kernel,0,AMD Ryzen Threadripper 3970X 32-Core Processor,NA,NA,NA,0,0,NA,NA,39.8,0,OPENBLAS_NUM_THREADS=10; e2e_host_memcpy=1; e2e_bw=mixed
2025-10-12T23:41:37,rock-tobefilledbyoem,AMD Ryzen Threadripper 3970X 32-Core Processor,0,e2e,477,1.00,1.0099,0.1035,5.678,54.9,0,reduction,openblas,fp32,1000000,11154,477,1.0099,55.801,55.3,54.9,1908000000,18.44,e2e,e2e,0,AMD Ryzen Threadripper 3970X 32-Core Processor,NA,NA,NA,0,0,NA,NA,39.8,0,OPENBLAS_NUM_THREADS=10; e2e_host_memcpy=1; e2e_bw=mixed
2025-10-12T23:41:42,rock-tobefilledbyoem,AMD Ryzen Threadripper 3970X 32-Core Processor,0,kernel,3396,1.00,0.6006,0.6006,32.888,54.8,1,reduction,openblas,fp32,1500000,3396,626,0.6006,32.888,54.8,54.6,40752000000,67.86,kernel,kernel,0,AMD Ryzen Threadripper 3970X 32-Core Processor,NA,NA,NA,0,0,NA,NA,38.5,0,OPENBLAS_NUM_THREADS=10; e2e_host_memcpy=1; e2e_bw=mixed
2025-10-12T23:41:42,rock-tobefilledbyoem,AMD Ryzen Threadripper 3970X 32-Core Processor,0,e2e,626,1.00,0.6006,0.4146,22.648,54.6,1,reduction,openblas,fp32,1500000,3396,626,0.6006,32.888,54.8,54.6,3756000000,9.06,e2e,e2e,0,AMD Ryzen Threadripper 3970X 32-Core Processor,NA,NA,NA,0,0,NA,NA,38.5,0,OPENBLAS_NUM_THREADS=10; e2e_host_memcpy=1; e2e_bw=mixed
2025-10-12T23:41:49,rock-tobefilledbyoem,AMD Ryzen Threadripper 3970X 32-Core Processor,0,kernel,2348,1.00,0.9512,0.9512,52.072,54.7,1,reduction,openblas,fp32,2000000,2348,440,0.9512,52.072,54.7,55.3,37568000000,39.49,kernel,kernel,0,AMD Ryzen Threadripper 3970X 32-Core Processor,NA,NA,NA,0,0,NA,NA,37.4,0,OPENBLAS_NUM_THREADS=10; e2e_host_memcpy=1; e2e_bw=mixed
2025-10-12T23:41:49,rock-tobefilledbyoem,AMD Ryzen Threadripper 3970X 32-Core Processor,0,e2e,440,1.00,0.9512,0.5479,30.294,55.3,1,reduction,openblas,fp32,2000000,2348,440,0.9512,52.072,54.7,55.3,3520000000,6.42,e2e,e2e,0,AMD Ryzen Threadripper 3970X 32-Core Processor,NA,NA,NA,0,0,NA,NA,37.4,0,OPENBLAS_NUM_THREADS=10; e2e_host_memcpy=1; e2e_bw=mixed
2025-10-12T23:41:57,rock-tobefilledbyoem,AMD Ryzen Threadripper 3970X 32-Core Processor,0,kernel,990,1.00,1.0170,1.0170,57.129,56.2,0,reduction,openblas,fp32,3000000,990,256,1.0170,57.129,56.2,56.4,23760000000,23.36,kernel,kernel,0,AMD Ryzen Threadripper 3970X 32-Core Processor,NA,NA,NA,0,0,NA,NA,37.2,0,OPENBLAS_NUM_THREADS=10; e2e_host_memcpy=1; e2e_bw=mixed
2025-10-12T23:41:57,rock-tobefilledbyoem,AMD Ryzen Threadripper 3970X 32-Core Processor,0,e2e,256,1.00,1.0170,0.5714,32.211,56.4,0,reduction,openblas,fp32,3000000,990,256,1.0170,57.129,56.2,56.4,3072000000,5.38,e2e,e2e,0,AMD Ryzen Threadripper 3970X 32-Core Processor,NA,NA,NA,0,0,NA,NA,37.2,0,OPENBLAS_NUM_THREADS=10; e2e_host_memcpy=1; e2e_bw=mixed
2025-10-12T23:42:06,rock-tobefilledbyoem,AMD Ryzen Threadripper 3970X 32-Core Processor,0,kernel,688,1.00,1.0598,1.0598,59.685,56.3,0,reduction,openblas,fp32,4000000,688,225,1.0598,59.685,56.3,57.3,22016000000,20.77,kernel,kernel,0,AMD Ryzen Threadripper 3970X 32-Core Processor,NA,NA,NA,0,0,NA,NA,37.2,0,OPENBLAS_NUM_THREADS=10; e2e_host_memcpy=1; e2e_bw=mixed
2025-10-12T23:42:06,rock-tobefilledbyoem,AMD Ryzen Threadripper 3970X 32-Core Processor,0,e2e,225,1.00,1.0598,0.5976,34.263,57.3,0,reduction,openblas,fp32,4000000,688,225,1.0598,59.685,56.3,57.3,3600000000,6.02,e2e,e2e,0,AMD Ryzen Threadripper 3970X 32-Core Processor,NA,NA,NA,0,0,NA,NA,37.2,0,OPENBLAS_NUM_THREADS=10; e2e_host_memcpy=1; e2e_bw=mixed
2025-10-12T23:42:14,rock-tobefilledbyoem,AMD Ryzen Threadripper 3970X 32-Core Processor,0,kernel,456,1.00,1.1524,1.1524,65.622,56.9,0,reduction,openblas,fp32,6000000,456,129,1.1524,65.622,56.9,57.4,21888000000,18.99,kernel,kernel,0,AMD Ryzen Threadripper 3970X 32-Core Processor,NA,NA,NA,0,0,NA,NA,37.2,0,OPENBLAS_NUM_THREADS=10; e2e_host_memcpy=1; e2e_bw=mixed
2025-10-12T23:42:14,rock-tobefilledbyoem,AMD Ryzen Threadripper 3970X 32-Core Processor,0,e2e,129,1.00,1.1524,0.5336,30.641,57.4,0,reduction,openblas,fp32,6000000,456,129,1.1524,65.622,56.9,57.4,3096000000,5.80,e2e,e2e,0,AMD Ryzen Threadripper 3970X 32-Core Processor,NA,NA,NA,0,0,NA,NA,37.2,0,OPENBLAS_NUM_THREADS=10; e2e_host_memcpy=1; e2e_bw=mixed
2025-10-12T23:42:22,rock-tobefilledbyoem,AMD Ryzen Threadripper 3970X 32-Core Processor,0,kernel,315,1.00,1.0380,1.0380,58.935,56.8,0,reduction,openblas,fp32,8000000,315,107,1.0380,58.935,56.8,57.4,20160000000,19.42,kernel,kernel,0,AMD Ryzen Threadripper 3970X 32-Core Processor,NA,NA,NA,0,0,NA,NA,37.2,0,OPENBLAS_NUM_THREADS=10; e2e_host_memcpy=1; e2e_bw=mixed
2025-10-12T23:42:22,rock-tobefilledbyoem,AMD Ryzen Threadripper 3970X 32-Core Processor,0,e2e,107,1.00,1.0380,0.5844,33.556,57.4,0,reduction,openblas,fp32,8000000,315,107,1.0380,58.935,56.8,57.4,3424000000,5.86,e2e,e2e,0,AMD Ryzen Threadripper 3970X 32-Core Processor,NA,NA,NA,0,0,NA,NA,37.2,0,OPENBLAS_NUM_THREADS=10; e2e_host_memcpy=1; e2e_bw=mixed
2025-10-12T23:42:30,rock-tobefilledbyoem,AMD Ryzen Threadripper 3970X 32-Core Processor,0,kernel,219,1.00,1.0529,1.0529,59.620,56.6,0,reduction,openblas,fp32,12000000,219,64,1.0529,59.620,56.6,57.2,21024000000,19.97,kernel,kernel,0,AMD Ryzen Threadripper 3970X 32-Core Processor,NA,NA,NA,0,0,NA,NA,37.1,0,OPENBLAS_NUM_THREADS=10; e2e_host_memcpy=1; e2e_bw=mixed
2025-10-12T23:42:30,rock-tobefilledbyoem,AMD Ryzen Threadripper 3970X 32-Core Processor,0,e2e,64,1.00,1.0529,0.5190,29.710,57.2,0,reduction,openblas,fp32,12000000,219,64,1.0529,59.620,56.6,57.2,3072000000,5.92,e2e,e2e,0,AMD Ryzen Threadripper 3970X 32-Core Processor,NA,NA,NA,0,0,NA,NA,37.1,0,OPENBLAS_NUM_THREADS=10; e2e_host_memcpy=1; e2e_bw=mixed
2025-10-12T23:42:39,rock-tobefilledbyoem,AMD Ryzen Threadripper 3970X 32-Core Processor,0,kernel,166,1.00,1.0512,1.0512,59.426,56.5,0,reduction,openblas,fp32,16000000,166,56,1.0512,59.426,56.5,57.2,21248000000,20.21,kernel,kernel,0,AMD Ryzen Threadripper 3970X 32-Core Processor,NA,NA,NA,0,0,NA,NA,37.1,0,OPENBLAS_NUM_THREADS=10; e2e_host_memcpy=1; e2e_bw=mixed
2025-10-12T23:42:39,rock-tobefilledbyoem,AMD Ryzen Threadripper 3970X 32-Core Processor,0,e2e,56,1.00,1.0512,0.6036,34.526,57.2,0,reduction,openblas,fp32,16000000,166,56,1.0512,59.426,56.5,57.2,3584000000,5.94,e2e,e2e,0,AMD Ryzen Threadripper 3970X 32-Core Processor,NA,NA,NA,0,0,NA,NA,37.1,0,OPENBLAS_NUM_THREADS=10; e2e_host_memcpy=1; e2e_bw=mixed
2025-10-12T23:42:47,rock-tobefilledbyoem,AMD Ryzen Threadripper 3970X 32-Core Processor,0,kernel,112,1.00,1.0511,1.0511,59.294,56.4,0,reduction,openblas,fp32,24000000,112,33,1.0511,59.294,56.4,57.1,21504000000,20.46,kernel,kernel,0,AMD Ryzen Threadripper 3970X 32-Core Processor,NA,NA,NA,0,0,NA,NA,37.1,0,OPENBLAS_NUM_THREADS=10; e2e_host_memcpy=1; e2e_bw=mixed
2025-10-12T23:42:47,rock-tobefilledbyoem,AMD Ryzen Threadripper 3970X 32-Core Processor,0,e2e,33,1.00,1.0511,0.5297,30.270,57.1,0,reduction,openblas,fp32,24000000,112,33,1.0511,59.294,56.4,57.1,3168000000,5.98,e2e,e2e,0,AMD Ryzen Threadripper 3970X 32-Core Processor,NA,NA,NA,0,0,NA,NA,37.1,0,OPENBLAS_NUM_THREADS=10; e2e_host_memcpy=1; e2e_bw=mixed
2025-10-12T23:42:55,rock-tobefilledbyoem,AMD Ryzen Threadripper 3970X 32-Core Processor,0,kernel,85,1.00,1.0561,1.0561,59.610,56.4,0,reduction,openblas,fp32,32000000,85,28,1.0561,59.610,56.4,57.0,21760000000,20.60,kernel,kernel,0,AMD Ryzen Threadripper 3970X 32-Core Processor,NA,NA,NA,0,0,NA,NA,37.2,0,OPENBLAS_NUM_THREADS=10; e2e_host_memcpy=1; e2e_bw=mixed
2025-10-12T23:42:55,rock-tobefilledbyoem,AMD Ryzen Threadripper 3970X 32-Core Processor,0,e2e,28,1.00,1.0561,0.5974,34.076,57.0,0,reduction,openblas,fp32,32000000,85,28,1.0561,59.610,56.4,57.0,3584000000,6.00,e2e,e2e,0,AMD Ryzen Threadripper 3970X 32-Core Processor,NA,NA,NA,0,0,NA,NA,37.2,0,OPENBLAS_NUM_THREADS=10; e2e_host_memcpy=1; e2e_bw=mixed
2025-10-12T23:43:03,rock-tobefilledbyoem,AMD Ryzen Threadripper 3970X 32-Core Processor,0,kernel,57,1.00,1.0692,1.0692,60.669,56.7,0,reduction,openblas,fp32,48000000,57,17,1.0692,60.669,56.7,57.5,21888000000,20.47,kernel,kernel,0,AMD Ryzen Threadripper 3970X 32-Core Processor,NA,NA,NA,0,0,NA,NA,37.2,0,OPENBLAS_NUM_THREADS=10; e2e_host_memcpy=1; e2e_bw=mixed
2025-10-12T23:43:03,rock-tobefilledbyoem,AMD Ryzen Threadripper 3970X 32-Core Processor,0,e2e,17,1.00,1.0692,0.5457,31.372,57.5,0,reduction,openblas,fp32,48000000,57,17,1.0692,60.669,56.7,57.5,3264000000,5.98,e2e,e2e,0,AMD Ryzen Threadripper 3970X 32-Core Processor,NA,NA,NA,0,0,NA,NA,37.2,0,OPENBLAS_NUM_THREADS=10; e2e_host_memcpy=1; e2e_bw=mixed
2025-10-12T23:43:12,rock-tobefilledbyoem,AMD Ryzen Threadripper 3970X 32-Core Processor,0,kernel,43,1.00,1.0684,1.0684,60.584,56.7,0,reduction,openblas,fp32,64000000,43,14,1.0684,60.584,56.7,57.4,22016000000,20.61,kernel,kernel,0,AMD Ryzen Threadripper 3970X 32-Core Processor,NA,NA,NA,0,0,NA,NA,37.2,0,OPENBLAS_NUM_THREADS=10; e2e_host_memcpy=1; e2e_bw=mixed
2025-10-12T23:43:12,rock-tobefilledbyoem,AMD Ryzen Threadripper 3970X 32-Core Processor,0,e2e,14,1.00,1.0684,0.5986,34.351,57.4,0,reduction,openblas,fp32,64000000,43,14,1.0684,60.584,56.7,57.4,3584000000,5.99,e2e,e2e,0,AMD Ryzen Threadripper 3970X 32-Core Processor,NA,NA,NA,0,0,NA,NA,37.2,0,OPENBLAS_NUM_THREADS=10; e2e_host_memcpy=1; e2e_bw=mixed
2025-10-12T23:43:20,rock-tobefilledbyoem,AMD Ryzen Threadripper 3970X 32-Core Processor,0,kernel,29,1.00,1.0729,1.0729,60.814,56.7,0,reduction,openblas,fp32,96000000,29,9,1.0729,60.814,56.7,57.4,22272000000,20.76,kernel,kernel,0,AMD Ryzen Threadripper 3970X 32-Core Processor,NA,NA,NA,0,0,NA,NA,37.2,0,OPENBLAS_NUM_THREADS=10; e2e_host_memcpy=1; e2e_bw=mixed
2025-10-12T23:43:20,rock-tobefilledbyoem,AMD Ryzen Threadripper 3970X 32-Core Processor,0,e2e,9,1.00,1.0729,0.5754,33.010,57.4,0,reduction,openblas,fp32,96000000,29,9,1.0729,60.814,56.7,57.4,3456000000,6.01,e2e,e2e,0,AMD Ryzen Threadripper 3970X 32-Core Processor,NA,NA,NA,0,0,NA,NA,37.2,0,OPENBLAS_NUM_THREADS=10; e2e_host_memcpy=1; e2e_bw=mixed
2025-10-12T23:43:29,rock-tobefilledbyoem,AMD Ryzen Threadripper 3970X 32-Core Processor,0,kernel,22,1.00,1.0883,1.0883,61.635,56.6,0,reduction,openblas,fp32,128000000,22,7,1.0883,61.635,56.6,57.3,22528000000,20.70,kernel,kernel,0,AMD Ryzen Threadripper 3970X 32-Core Processor,NA,NA,NA,0,0,NA,NA,37.2,0,OPENBLAS_NUM_THREADS=10; e2e_host_memcpy=1; e2e_bw=mixed
2025-10-12T23:43:29,rock-tobefilledbyoem,AMD Ryzen Threadripper 3970X 32-Core Processor,0,e2e,7,1.00,1.0883,0.5966,34.204,57.3,0,reduction,openblas,fp32,128000000,22,7,1.0883,61.635,56.6,57.3,3584000000,6.01,e2e,e2e,0,AMD Ryzen Threadripper 3970X 32-Core Processor,NA,NA,NA,0,0,NA,NA,37.2,0,OPENBLAS_NUM_THREADS=10; e2e_host_memcpy=1; e2e_bw=mixed
2025-10-12T23:43:39,rock-tobefilledbyoem,AMD Ryzen Threadripper 3970X 32-Core Processor,0,kernel,18,1.00,1.1079,1.1079,62.756,56.6,0,reduction,openblas,fp32,160000000,18,7,1.1079,62.756,56.6,57.3,23040000000,20.80,kernel,kernel,0,AMD Ryzen Threadripper 3970X 32-Core Processor,NA,NA,NA,0,0,NA,NA,37.2,0,OPENBLAS_NUM_THREADS=10; e2e_host_memcpy=1; e2e_bw=mixed
2025-10-12T23:43:39,rock-tobefilledbyoem,AMD Ryzen Threadripper 3970X 32-Core Processor,0,e2e,7,1.00,1.1079,0.7453,42.722,57.3,0,reduction,openblas,fp32,160000000,18,7,1.1079,62.756,56.6,57.3,4480000000,6.01,e2e,e2e,0,AMD Ryzen Threadripper 3970X 32-Core Processor,NA,NA,NA,0,0,NA,NA,37.2,0,OPENBLAS_NUM_THREADS=10; e2e_host_memcpy=1; e2e_bw=mixed
2025-10-12T23:43:48,rock-tobefilledbyoem,AMD Ryzen Threadripper 3970X 32-Core Processor,0,kernel,15,1.00,1.1031,1.1031,62.483,56.6,0,reduction,openblas,fp32,192000000,15,6,1.1031,62.483,56.6,57.3,23040000000,20.89,kernel,kernel,0,AMD Ryzen Threadripper 3970X 32-Core Processor,NA,NA,NA,0,0,NA,NA,37.2,0,OPENBLAS_NUM_THREADS=10; e2e_host_memcpy=1; e2e_bw=mixed
2025-10-12T23:43:48,rock-tobefilledbyoem,AMD Ryzen Threadripper 3970X 32-Core Processor,0,e2e,6,1.00,1.1031,0.7646,43.821,57.3,0,reduction,openblas,fp32,192000000,15,6,1.1031,62.483,56.6,57.3,4608000000,6.03,e2e,e2e,0,AMD Ryzen Threadripper 3970X 32-Core Processor,NA,NA,NA,0,0,NA,NA,37.2,0,OPENBLAS_NUM_THREADS=10; e2e_host_memcpy=1; e2e_bw=mixed
2025-10-12T23:43:58,rock-tobefilledbyoem,AMD Ryzen Threadripper 3970X 32-Core Processor,0,kernel,11,1.00,1.0733,1.0733,60.827,56.7,0,reduction,openblas,fp32,256000000,11,4,1.0733,60.827,56.7,57.3,22528000000,20.99,kernel,kernel,0,AMD Ryzen Threadripper 3970X 32-Core Processor,NA,NA,NA,0,0,NA,NA,37.2,0,OPENBLAS_NUM_THREADS=10; e2e_host_memcpy=1; e2e_bw=mixed
2025-10-12T23:43:58,rock-tobefilledbyoem,AMD Ryzen Threadripper 3970X 32-Core Processor,0,e2e,4,1.00,1.0733,0.6779,38.855,57.3,0,reduction,openblas,fp32,256000000,11,4,1.0733,60.827,56.7,57.3,4096000000,6.04,e2e,e2e,0,AMD Ryzen Threadripper 3970X 32-Core Processor,NA,NA,NA,0,0,NA,NA,37.2,0,OPENBLAS_NUM_THREADS=10; e2e_host_memcpy=1; e2e_bw=mixed
2025-10-12T23:44:08,rock-tobefilledbyoem,AMD Ryzen Threadripper 3970X 32-Core Processor,0,kernel,8,1.00,1.1692,1.1692,66.204,56.6,0,reduction,openblas,fp32,384000000,8,3,1.1692,66.204,56.6,57.3,24576000000,21.02,kernel,kernel,0,AMD Ryzen Threadripper 3970X 32-Core Processor,NA,NA,NA,0,0,NA,NA,37.2,0,OPENBLAS_NUM_THREADS=10; e2e_host_memcpy=1; e2e_bw=mixed
2025-10-12T23:44:08,rock-tobefilledbyoem,AMD Ryzen Threadripper 3970X 32-Core Processor,0,e2e,3,1.00,1.1692,0.7608,43.619,57.3,0,reduction,openblas,fp32,384000000,8,3,1.1692,66.204,56.6,57.3,4608000000,6.06,e2e,e2e,0,AMD Ryzen Threadripper 3970X 32-Core Processor,NA,NA,NA,0,0,NA,NA,37.2,0,OPENBLAS_NUM_THREADS=10; e2e_host_memcpy=1; e2e_bw=mixed
