timestamp,run_id_global,run_id_per_size,device_name,num_threads,problem_size,batches,gpu_e2e_time_s,gpu_kernel_time_s,wall_time_s,total_energy_j,energy_per_batch_j,energy_per_second_j,energy_per_flop_j,time_per_gemm_ms_kernel,time_per_gemm_ms_e2e,flops_total,gflops_per_s,avg_power_w,below_target,pcie_gen,pcie_width,sm_clock_mhz,mem_clock_mhz,temp_c,throttle_reasons
2025-11-03T17:30:57,1,1,RTX 3090,,64,250000,1.114742,1.114704,1.124947,190.759000,7.630360e-04,169.571605,1.455376e-09,0.004459,0.004459,1.310720e+11,117.58,169.57,f,4,16,1950,9501,50,0x0
2025-11-03T17:30:58,2,2,RTX 3090,,64,250000,1.111820,1.111800,1.116278,207.385000,8.295400e-04,185.782645,1.582222e-09,0.004447,0.004447,1.310720e+11,117.89,185.78,f,4,16,1950,9501,50,0x0
2025-11-03T17:30:59,3,3,RTX 3090,,64,250000,1.112921,1.112903,1.115642,190.516000,7.620640e-04,170.768086,1.453522e-09,0.004452,0.004452,1.310720e+11,117.77,170.77,f,4,16,1950,9501,50,0x0
2025-11-03T17:31:00,4,4,RTX 3090,,64,250000,1.114193,1.114176,1.123623,187.198000,7.487920e-04,166.602088,1.428207e-09,0.004457,0.004457,1.310720e+11,117.64,166.60,f,4,16,1950,9501,50,0x0
2025-11-03T17:31:01,5,5,RTX 3090,,64,250000,1.110529,1.110511,1.113277,190.318000,7.612720e-04,170.953023,1.452011e-09,0.004442,0.004442,1.310720e+11,118.03,170.95,f,4,16,1950,9501,50,0x0
2025-11-03T17:31:03,6,6,RTX 3090,,64,250000,1.114082,1.114064,1.116776,188.023000,7.520920e-04,168.362287,1.434502e-09,0.004456,0.004456,1.310720e+11,117.65,168.36,f,4,16,1950,9501,50,0x0
2025-11-03T17:31:04,7,7,RTX 3090,,64,250000,1.116850,1.116832,1.119519,205.736000,8.229440e-04,183.771781,1.569641e-09,0.004467,0.004467,1.310720e+11,117.36,183.77,f,4,16,1950,9501,50,0x0
2025-11-03T17:31:05,8,8,RTX 3090,,64,250000,1.117548,1.117531,1.120502,190.658000,7.626320e-04,170.154092,1.454605e-09,0.004470,0.004470,1.310720e+11,117.29,170.15,f,4,16,1950,9501,50,0x0
2025-11-03T17:31:06,9,9,RTX 3090,,64,250000,1.115055,1.115037,1.117804,188.106000,7.524240e-04,168.281784,1.435135e-09,0.004460,0.004460,1.310720e+11,117.55,168.28,f,4,16,1950,9501,50,0x0
2025-11-03T17:31:07,10,10,RTX 3090,,64,250000,1.115133,1.115116,1.117930,188.356000,7.534240e-04,168.486355,1.437042e-09,0.004460,0.004461,1.310720e+11,117.54,168.49,f,4,16,1950,9501,50,0x0
2025-11-03T17:31:08,11,11,RTX 3090,,64,250000,1.119062,1.119044,1.121757,188.642000,7.545680e-04,168.166541,1.439224e-09,0.004476,0.004476,1.310720e+11,117.13,168.17,f,4,16,1950,9501,50,0x0
2025-11-03T17:31:09,12,12,RTX 3090,,64,250000,1.119118,1.119100,1.122275,205.614000,8.224560e-04,183.211858,1.568710e-09,0.004476,0.004476,1.310720e+11,117.12,183.21,f,4,16,1950,9501,50,0x0
2025-11-03T17:31:10,13,13,RTX 3090,,64,250000,1.115410,1.115394,1.118120,189.980000,7.599200e-04,169.910249,1.449432e-09,0.004462,0.004462,1.310720e+11,117.51,169.91,f,4,16,1950,9501,49,0x0
2025-11-03T17:31:11,14,14,RTX 3090,,64,250000,1.117563,1.117545,1.120981,187.818000,7.512720e-04,167.547874,1.432938e-09,0.004470,0.004470,1.310720e+11,117.29,167.55,f,4,16,1950,9501,49,0x0
2025-11-03T17:31:13,15,15,RTX 3090,,64,250000,1.116618,1.116601,1.119316,187.633000,7.505320e-04,167.631878,1.431526e-09,0.004466,0.004466,1.310720e+11,117.38,167.63,f,4,16,1950,9501,49,0x0
2025-11-03T17:31:14,16,16,RTX 3090,,64,250000,1.115965,1.115948,1.118678,187.555000,7.502200e-04,167.657739,1.430931e-09,0.004464,0.004464,1.310720e+11,117.45,167.66,f,4,16,1950,9501,49,0x0
2025-11-03T17:31:15,17,17,RTX 3090,,64,250000,1.118026,1.118009,1.120658,205.123000,8.204920e-04,183.038014,1.564964e-09,0.004472,0.004472,1.310720e+11,117.24,183.04,f,4,16,1950,9501,49,0x0
2025-11-03T17:31:16,18,18,RTX 3090,,64,250000,1.116268,1.116250,1.119626,190.096000,7.603840e-04,169.785261,1.450317e-09,0.004465,0.004465,1.310720e+11,117.42,169.79,f,4,16,1950,9501,49,0x0
2025-11-03T17:31:17,19,19,RTX 3090,,64,250000,1.116683,1.116666,1.120241,187.536000,7.501440e-04,167.406810,1.430786e-09,0.004467,0.004467,1.310720e+11,117.38,167.41,f,4,16,1950,9501,49,0x0
2025-11-03T17:31:18,20,20,RTX 3090,,64,250000,1.118742,1.118725,1.125321,187.443000,7.497720e-04,166.568503,1.430077e-09,0.004475,0.004475,1.310720e+11,117.16,166.57,f,4,16,1950,9501,49,0x0
2025-11-03T17:31:19,21,21,RTX 3090,,64,250000,1.118406,1.118389,1.121140,189.829000,7.593160e-04,169.317855,1.448280e-09,0.004474,0.004474,1.310720e+11,117.20,169.32,f,4,16,1950,9501,49,0x0
2025-11-03T17:31:20,22,22,RTX 3090,,64,250000,1.116111,1.116093,1.118961,206.757000,8.270280e-04,184.775881,1.577431e-09,0.004464,0.004464,1.310720e+11,117.44,184.78,f,4,16,1950,9501,49,0x0
2025-11-03T17:31:22,23,23,RTX 3090,,64,250000,1.119876,1.119860,1.122548,189.443000,7.577720e-04,168.761570,1.445335e-09,0.004479,0.004480,1.310720e+11,117.04,168.76,f,4,16,1950,9501,49,0x0
2025-11-03T17:31:23,24,24,RTX 3090,,64,250000,1.120530,1.120513,1.123274,188.864000,7.554560e-04,168.137004,1.440918e-09,0.004482,0.004482,1.310720e+11,116.98,168.14,f,4,16,1950,9501,49,0x0
2025-11-03T17:31:24,25,25,RTX 3090,,64,250000,1.119263,1.119246,1.121954,188.204000,7.528160e-04,167.746651,1.435883e-09,0.004477,0.004477,1.310720e+11,117.11,167.75,f,4,16,1950,9501,49,0x0
2025-11-03T17:31:25,26,26,RTX 3090,,64,250000,1.116624,1.116605,1.119479,204.675000,8.187000e-04,182.830594,1.561546e-09,0.004466,0.004466,1.310720e+11,117.38,182.83,f,4,16,1950,9501,49,0x0
2025-11-03T17:31:26,27,27,RTX 3090,,64,250000,1.112619,1.112591,1.115853,189.503000,7.580120e-04,169.827951,1.445793e-09,0.004450,0.004450,1.310720e+11,117.81,169.83,f,4,16,1950,9501,49,0x0
2025-11-03T17:31:27,28,28,RTX 3090,,64,250000,1.116072,1.116053,1.119949,187.070000,7.482800e-04,167.034448,1.427231e-09,0.004464,0.004464,1.310720e+11,117.44,167.03,f,4,16,1950,9501,49,0x0
2025-11-03T17:31:28,29,29,RTX 3090,,64,250000,1.115701,1.115682,1.124260,186.603000,7.464120e-04,165.978465,1.423668e-09,0.004463,0.004463,1.310720e+11,117.48,165.98,f,4,16,1950,9501,49,0x0
2025-11-03T17:31:29,30,30,RTX 3090,,64,250000,1.116436,1.116418,1.119631,188.754000,7.550160e-04,168.585928,1.440079e-09,0.004466,0.004466,1.310720e+11,117.40,168.59,f,4,16,1950,9501,49,0x0
2025-11-03T17:31:31,31,31,RTX 3090,,64,250000,1.118270,1.118251,1.121098,205.477000,8.219080e-04,183.281977,1.567665e-09,0.004473,0.004473,1.310720e+11,117.21,183.28,f,4,16,1950,9501,49,0x0
2025-11-03T17:31:32,32,32,RTX 3090,,64,250000,1.115275,1.115257,1.118059,187.513000,7.500520e-04,167.712932,1.430611e-09,0.004461,0.004461,1.310720e+11,117.53,167.71,f,4,16,1950,9501,48,0x0
2025-11-03T17:31:33,33,33,RTX 3090,,64,250000,1.114524,1.114505,1.117314,187.331000,7.493240e-04,167.661931,1.429222e-09,0.004458,0.004458,1.310720e+11,117.61,167.66,f,4,16,1950,9501,49,0x0
2025-11-03T17:31:34,34,34,RTX 3090,,64,250000,1.114977,1.114959,1.117759,187.161000,7.486440e-04,167.443091,1.427925e-09,0.004460,0.004460,1.310720e+11,117.56,167.44,f,4,16,1950,9501,48,0x0
2025-11-03T17:31:35,35,35,RTX 3090,,64,250000,1.115489,1.115470,1.118142,204.270000,8.170800e-04,182.686992,1.558456e-09,0.004462,0.004462,1.310720e+11,117.50,182.69,f,4,16,1950,9501,48,0x0
2025-11-03T17:31:36,36,36,RTX 3090,,64,250000,1.112314,1.112290,1.115577,189.466000,7.578640e-04,169.836723,1.445511e-09,0.004449,0.004449,1.310720e+11,117.84,169.84,f,4,16,1950,9501,48,0x0
2025-11-03T17:31:37,37,37,RTX 3090,,64,250000,1.197882,1.197861,1.200893,204.491000,8.179640e-04,170.282459,1.560143e-09,0.004791,0.004792,1.310720e+11,109.42,170.28,f,4,16,1950,9501,48,0x0
2025-11-03T17:31:39,38,38,RTX 3090,,64,250000,1.165997,1.165975,1.169051,186.907000,7.476280e-04,159.879245,1.425987e-09,0.004664,0.004664,1.310720e+11,112.41,159.88,f,4,16,1950,9501,48,0x0
2025-11-03T17:31:40,39,39,RTX 3090,,64,250000,1.117331,1.117313,1.120127,205.741000,8.229640e-04,183.676480,1.569679e-09,0.004469,0.004469,1.310720e+11,117.31,183.68,f,4,16,1950,9501,48,0x0
2025-11-03T17:31:41,40,40,RTX 3090,,64,250000,1.116226,1.116206,1.119004,187.839000,7.513560e-04,167.862741,1.433098e-09,0.004465,0.004465,1.310720e+11,117.43,167.86,f,4,16,1950,9501,48,0x0
2025-11-03T17:31:42,41,41,RTX 3090,,64,250000,1.117239,1.117220,1.120013,187.456000,7.498240e-04,167.369522,1.430176e-09,0.004469,0.004469,1.310720e+11,117.32,167.37,f,4,16,1950,9501,48,0x0
2025-11-03T17:31:43,42,42,RTX 3090,,64,250000,1.114972,1.114953,1.117757,186.881000,7.475240e-04,167.192821,1.425789e-09,0.004460,0.004460,1.310720e+11,117.56,167.19,f,4,16,1950,9501,48,0x0
2025-11-03T17:31:44,43,43,RTX 3090,,64,250000,1.118870,1.118852,1.121548,204.067000,8.162680e-04,181.951187,1.556908e-09,0.004475,0.004475,1.310720e+11,117.15,181.95,f,4,16,1950,9501,48,0x0
2025-11-03T17:31:45,44,44,RTX 3090,,64,250000,1.118563,1.118534,1.125415,188.364000,7.534560e-04,167.372965,1.437103e-09,0.004474,0.004474,1.310720e+11,117.18,167.37,f,4,16,1950,9501,48,0x0
2025-11-03T17:31:46,45,45,RTX 3090,,64,250000,1.117668,1.117649,1.120460,188.190000,7.527600e-04,167.957780,1.435776e-09,0.004471,0.004471,1.310720e+11,117.27,167.96,f,4,16,1950,9501,48,0x0
2025-11-03T17:31:48,46,46,RTX 3090,,64,250000,1.117926,1.117906,1.120661,187.317000,7.492680e-04,167.148671,1.429115e-09,0.004472,0.004472,1.310720e+11,117.25,167.15,f,4,16,1950,9501,48,0x0
2025-11-03T17:31:49,47,47,RTX 3090,,64,250000,1.117012,1.116993,1.119733,204.005000,8.160200e-04,182.190739,1.556435e-09,0.004468,0.004468,1.310720e+11,117.34,182.19,f,4,16,1950,9501,48,0x0
2025-11-03T17:31:50,48,48,RTX 3090,,64,250000,1.120544,1.120526,1.126431,188.876000,7.555040e-04,167.676442,1.441010e-09,0.004482,0.004482,1.310720e+11,116.97,167.68,f,4,16,1950,9501,48,0x0
2025-11-03T17:31:51,49,49,RTX 3090,,64,250000,1.116644,1.116625,1.119401,188.057000,7.522280e-04,167.997942,1.434761e-09,0.004466,0.004467,1.310720e+11,117.38,168.00,f,4,16,1950,9501,48,0x0
2025-11-03T17:31:52,50,50,RTX 3090,,64,250000,1.115313,1.115294,1.118088,187.781000,7.511240e-04,167.948372,1.432655e-09,0.004461,0.004461,1.310720e+11,117.52,167.95,f,4,16,1950,9501,48,0x0
2025-11-03T17:32:26,51,1,RTX 3090,,128,250000,1.276790,1.276737,1.283389,248.760000,9.950400e-04,193.830612,2.372360e-10,0.005107,0.005107,1.048576e+12,821.29,193.83,f,4,16,1965,9501,47,0x0
2025-11-03T17:32:27,52,2,RTX 3090,,128,250000,1.278813,1.278772,1.281593,251.049000,1.004196e-03,195.888284,2.394190e-10,0.005115,0.005115,1.048576e+12,819.99,195.89,f,4,16,1965,9501,48,0x0
2025-11-03T17:32:29,53,3,RTX 3090,,128,250000,1.277757,1.277717,1.280514,250.701000,1.002804e-03,195.781574,2.390871e-10,0.005111,0.005111,1.048576e+12,820.66,195.78,f,4,16,1965,9501,48,0x0
2025-11-03T17:32:30,54,4,RTX 3090,,128,250000,1.277626,1.277595,1.280449,250.474000,1.001896e-03,195.614208,2.388706e-10,0.005110,0.005111,1.048576e+12,820.74,195.61,f,4,16,1965,9501,49,0x0
2025-11-03T17:32:31,55,5,RTX 3090,,128,250000,1.277778,1.277745,1.280541,233.372000,9.334880e-04,182.244839,2.225609e-10,0.005111,0.005111,1.048576e+12,820.65,182.24,f,4,16,1965,9501,49,0x0
2025-11-03T17:32:32,56,6,RTX 3090,,128,250000,1.277809,1.277775,1.283241,249.898000,9.995920e-04,194.739720,2.383213e-10,0.005111,0.005111,1.048576e+12,820.63,194.74,f,4,16,1965,9501,50,0x0
2025-11-03T17:32:34,57,7,RTX 3090,,128,250000,1.277680,1.277644,1.280461,252.902000,1.011608e-03,197.508616,2.411861e-10,0.005111,0.005111,1.048576e+12,820.71,197.51,f,4,16,1965,9501,50,0x0
2025-11-03T17:32:35,58,8,RTX 3090,,128,250000,1.277686,1.277658,1.280470,252.797000,1.011188e-03,197.425162,2.410860e-10,0.005111,0.005111,1.048576e+12,820.70,197.43,f,4,16,1965,9501,50,0x0
2025-11-03T17:32:36,59,9,RTX 3090,,128,250000,1.277603,1.277575,1.280352,252.515000,1.010060e-03,197.223181,2.408171e-10,0.005110,0.005110,1.048576e+12,820.75,197.22,f,4,16,1965,9501,51,0x0
2025-11-03T17:32:38,60,10,RTX 3090,,128,250000,1.277482,1.277449,1.281546,252.334000,1.009336e-03,196.898177,2.406445e-10,0.005110,0.005110,1.048576e+12,820.84,196.90,f,4,16,1965,9501,51,0x0
2025-11-03T17:32:39,61,11,RTX 3090,,128,250000,1.277498,1.277469,1.282208,234.740000,9.389600e-04,183.074758,2.238655e-10,0.005110,0.005110,1.048576e+12,820.82,183.07,f,4,16,1965,9501,52,0x0
2025-11-03T17:32:40,62,12,RTX 3090,,128,250000,1.277391,1.277362,1.280222,255.461000,1.021844e-03,199.544363,2.436266e-10,0.005109,0.005110,1.048576e+12,820.89,199.54,f,4,16,1965,9501,52,0x0
2025-11-03T17:32:41,63,13,RTX 3090,,128,250000,1.275578,1.275546,1.278366,255.298000,1.021192e-03,199.706449,2.434711e-10,0.005102,0.005102,1.048576e+12,822.06,199.71,f,4,16,1965,9501,52,0x0
2025-11-03T17:32:43,64,14,RTX 3090,,128,250000,1.264637,1.264606,1.267460,256.029000,1.024116e-03,202.001567,2.441683e-10,0.005058,0.005059,1.048576e+12,829.17,202.00,f,4,16,1980,9501,53,0x0
2025-11-03T17:32:44,65,15,RTX 3090,,128,250000,1.265251,1.265219,1.268848,234.551000,9.382040e-04,184.853461,2.236853e-10,0.005061,0.005061,1.048576e+12,828.77,184.85,f,4,16,1980,9501,53,0x0
2025-11-03T17:32:45,66,16,RTX 3090,,128,250000,1.266250,1.266219,1.269833,240.198000,9.607920e-04,189.157197,2.290707e-10,0.005065,0.005065,1.048576e+12,828.12,189.16,f,4,16,1980,9501,53,0x0
2025-11-03T17:32:46,67,17,RTX 3090,,128,250000,1.265455,1.265423,1.268211,258.675000,1.034700e-03,203.968424,2.466917e-10,0.005062,0.005062,1.048576e+12,828.64,203.97,f,4,16,1980,9501,53,0x0
2025-11-03T17:32:48,68,18,RTX 3090,,128,250000,1.266292,1.266259,1.269116,256.714000,1.026856e-03,202.277875,2.448215e-10,0.005065,0.005065,1.048576e+12,828.09,202.28,f,4,16,1980,9501,53,0x0
2025-11-03T17:32:49,69,19,RTX 3090,,128,250000,1.266588,1.266556,1.269494,238.011000,9.520440e-04,187.484979,2.269850e-10,0.005066,0.005066,1.048576e+12,827.90,187.48,f,4,16,1980,9501,53,0x0
2025-11-03T17:32:50,70,20,RTX 3090,,128,250000,1.265438,1.265407,1.268559,256.244000,1.024976e-03,201.996089,2.443733e-10,0.005062,0.005062,1.048576e+12,828.65,202.00,f,4,16,1980,9501,53,0x0
2025-11-03T17:32:52,71,21,RTX 3090,,128,250000,1.266558,1.266524,1.269311,257.508000,1.030032e-03,202.872313,2.455788e-10,0.005066,0.005066,1.048576e+12,827.92,202.87,f,4,16,1980,9501,53,0x0
2025-11-03T17:32:53,72,22,RTX 3090,,128,250000,1.266463,1.266433,1.269574,258.969000,1.035876e-03,203.981032,2.469721e-10,0.005066,0.005066,1.048576e+12,827.98,203.98,f,4,16,1980,9501,53,0x0
2025-11-03T17:32:54,73,23,RTX 3090,,128,250000,1.266442,1.266413,1.272043,239.054000,9.562160e-04,187.929254,2.279797e-10,0.005066,0.005066,1.048576e+12,827.99,187.93,f,4,16,1980,9501,53,0x0
2025-11-03T17:32:55,74,24,RTX 3090,,128,250000,1.266632,1.266586,1.269825,257.219000,1.028876e-03,202.562485,2.453032e-10,0.005066,0.005067,1.048576e+12,827.88,202.56,f,4,16,1980,9501,53,0x0
2025-11-03T17:32:57,75,25,RTX 3090,,128,250000,1.266539,1.266504,1.269576,258.680000,1.034720e-03,203.753033,2.466965e-10,0.005066,0.005066,1.048576e+12,827.93,203.75,f,4,16,1980,9501,53,0x0
2025-11-03T17:32:58,76,26,RTX 3090,,128,250000,1.266489,1.266460,1.272529,236.409000,9.456360e-04,185.778817,2.254572e-10,0.005066,0.005066,1.048576e+12,827.96,185.78,f,4,16,1980,9501,53,0x0
2025-11-03T17:32:59,77,27,RTX 3090,,128,250000,1.266499,1.266467,1.269475,239.904000,9.596160e-04,188.978947,2.287903e-10,0.005066,0.005066,1.048576e+12,827.95,188.98,f,4,16,1980,9501,53,0x0
2025-11-03T17:33:00,78,28,RTX 3090,,128,250000,1.266535,1.266503,1.269300,258.693000,1.034772e-03,203.807632,2.467089e-10,0.005066,0.005066,1.048576e+12,827.93,203.81,f,4,16,1980,9501,53,0x0
2025-11-03T17:33:02,79,29,RTX 3090,,128,250000,1.266574,1.266543,1.271672,256.270000,1.025080e-03,201.522127,2.443981e-10,0.005066,0.005066,1.048576e+12,827.90,201.52,f,4,16,1980,9501,53,0x0
2025-11-03T17:33:03,80,30,RTX 3090,,128,250000,1.266314,1.266283,1.269040,237.414000,9.496560e-04,187.081610,2.264156e-10,0.005065,0.005065,1.048576e+12,828.07,187.08,f,4,16,1980,9501,53,0x0
2025-11-03T17:33:04,81,31,RTX 3090,,128,250000,1.265613,1.265581,1.268400,259.346000,1.037384e-03,204.466995,2.473316e-10,0.005062,0.005062,1.048576e+12,828.53,204.47,f,4,16,1980,9501,53,0x0
2025-11-03T17:33:06,82,32,RTX 3090,,128,250000,1.265428,1.265395,1.271980,256.790000,1.027160e-03,201.882079,2.448940e-10,0.005062,0.005062,1.048576e+12,828.66,201.88,f,4,16,1980,9501,53,0x0
2025-11-03T17:33:07,83,33,RTX 3090,,128,250000,1.266403,1.266373,1.269500,257.511000,1.030044e-03,202.844348,2.455816e-10,0.005065,0.005066,1.048576e+12,828.01,202.84,f,4,16,1980,9501,53,0x0
2025-11-03T17:33:08,84,34,RTX 3090,,128,250000,1.266563,1.266531,1.269323,238.418000,9.536720e-04,187.830802,2.273731e-10,0.005066,0.005066,1.048576e+12,827.91,187.83,f,4,16,1980,9501,53,0x0
2025-11-03T17:33:09,85,35,RTX 3090,,128,250000,1.266240,1.266201,1.269037,256.857000,1.027428e-03,202.403157,2.449579e-10,0.005065,0.005065,1.048576e+12,828.13,202.40,f,4,16,1980,9501,53,0x0
2025-11-03T17:33:11,86,36,RTX 3090,,128,250000,1.266596,1.266554,1.272903,257.977000,1.031908e-03,202.668294,2.460260e-10,0.005066,0.005066,1.048576e+12,827.90,202.67,f,4,16,1980,9501,53,0x0
2025-11-03T17:33:12,87,37,RTX 3090,,128,250000,1.266565,1.266533,1.269493,258.848000,1.035392e-03,203.898724,2.468567e-10,0.005066,0.005066,1.048576e+12,827.91,203.90,f,4,16,1980,9501,53,0x0
2025-11-03T17:33:13,88,38,RTX 3090,,128,250000,1.266517,1.266485,1.272224,238.990000,9.559600e-04,187.852164,2.279186e-10,0.005066,0.005066,1.048576e+12,827.94,187.85,f,4,16,1980,9501,53,0x0
2025-11-03T17:33:14,89,39,RTX 3090,,128,250000,1.266408,1.266377,1.269159,257.173000,1.028692e-03,202.632673,2.452593e-10,0.005066,0.005066,1.048576e+12,828.01,202.63,f,4,16,1980,9501,53,0x0
2025-11-03T17:33:16,90,40,RTX 3090,,128,250000,1.266710,1.266660,1.270017,259.093000,1.036372e-03,204.007443,2.470903e-10,0.005067,0.005067,1.048576e+12,827.83,204.01,f,4,16,1980,9501,53,0x0
2025-11-03T17:33:17,91,41,RTX 3090,,128,250000,1.266503,1.266463,1.269446,236.248000,9.449920e-04,186.103279,2.253036e-10,0.005066,0.005066,1.048576e+12,827.96,186.10,f,4,16,1980,9501,53,0x0
2025-11-03T17:33:18,92,42,RTX 3090,,128,250000,1.265379,1.265346,1.268144,258.057000,1.032228e-03,203.491930,2.461023e-10,0.005061,0.005062,1.048576e+12,828.69,203.49,f,4,16,1980,9501,53,0x0
2025-11-03T17:33:20,93,43,RTX 3090,,128,250000,1.264506,1.264473,1.267878,256.109000,1.024436e-03,201.998133,2.442446e-10,0.005058,0.005058,1.048576e+12,829.26,202.00,f,4,16,1980,9501,53,0x0
2025-11-03T17:33:21,94,44,RTX 3090,,128,250000,1.265487,1.265456,1.269849,257.938000,1.031752e-03,203.124909,2.459888e-10,0.005062,0.005062,1.048576e+12,828.62,203.12,f,4,16,1980,9501,53,0x0
2025-11-03T17:33:22,95,45,RTX 3090,,128,250000,1.264720,1.264687,1.267523,239.216000,9.568640e-04,188.727122,2.281342e-10,0.005059,0.005059,1.048576e+12,829.12,188.73,f,4,16,1980,9501,53,0x0
2025-11-03T17:33:23,96,46,RTX 3090,,128,250000,1.264509,1.264475,1.267235,257.431000,1.029724e-03,203.143808,2.455053e-10,0.005058,0.005058,1.048576e+12,829.26,203.14,f,4,16,1980,9501,53,0x0
2025-11-03T17:33:25,97,47,RTX 3090,,128,250000,1.264821,1.264788,1.267600,258.844000,1.035376e-03,204.200130,2.468529e-10,0.005059,0.005059,1.048576e+12,829.05,204.20,f,4,16,1980,9501,53,0x0
2025-11-03T17:33:26,98,48,RTX 3090,,128,250000,1.266243,1.266211,1.269161,236.358000,9.454320e-04,186.231764,2.254086e-10,0.005065,0.005065,1.048576e+12,828.12,186.23,f,4,16,1980,9501,53,0x0
2025-11-03T17:33:27,99,49,RTX 3090,,128,250000,1.266262,1.266232,1.272774,258.009000,1.032036e-03,202.713842,2.460566e-10,0.005065,0.005065,1.048576e+12,828.11,202.71,f,4,16,1980,9501,53,0x0
2025-11-03T17:33:28,100,50,RTX 3090,,128,250000,1.265784,1.265753,1.268540,258.688000,1.034752e-03,203.925826,2.467041e-10,0.005063,0.005063,1.048576e+12,828.42,203.93,f,4,16,1980,9501,53,0x0
2025-11-03T17:34:04,101,1,RTX 3090,,256,250000,1.856899,1.856784,1.859978,599.562000,2.398248e-03,322.348981,7.147336e-11,0.007427,0.007428,8.388608e+12,4517.82,322.35,f,4,16,1980,9501,54,0x0
2025-11-03T17:34:06,102,2,RTX 3090,,256,250000,1.855245,1.855120,1.858872,571.484000,2.285936e-03,307.435938,6.812620e-11,0.007420,0.007421,8.388608e+12,4521.87,307.44,f,4,16,1980,9501,54,0x0
2025-11-03T17:34:08,103,3,RTX 3090,,256,250000,1.854096,1.853997,1.857154,605.026000,2.420104e-03,325.781337,7.212472e-11,0.007416,0.007416,8.388608e+12,4524.61,325.78,f,4,16,1980,9501,55,0x0
2025-11-03T17:34:10,104,4,RTX 3090,,256,250000,1.853340,1.853266,1.856148,574.358000,2.297432e-03,309.435533,6.846881e-11,0.007413,0.007413,8.388608e+12,4526.39,309.44,f,4,16,1980,9501,55,0x0
2025-11-03T17:34:12,105,5,RTX 3090,,256,250000,1.852946,1.852873,1.855731,607.306000,2.429224e-03,327.259735,7.239652e-11,0.007411,0.007412,8.388608e+12,4527.35,327.26,f,4,16,1980,9501,55,0x0
2025-11-03T17:34:13,106,6,RTX 3090,,256,250000,1.852759,1.852683,1.855583,608.402000,2.433608e-03,327.876518,7.252717e-11,0.007411,0.007411,8.388608e+12,4527.82,327.88,f,4,16,1980,9501,56,0x0
2025-11-03T17:34:15,107,7,RTX 3090,,256,250000,1.866238,1.866166,1.869020,570.879000,2.283516e-03,305.442903,6.805408e-11,0.007465,0.007465,8.388608e+12,4495.10,305.44,f,4,16,1965,9501,56,0x0
2025-11-03T17:34:17,108,8,RTX 3090,,256,250000,1.869596,1.869519,1.875797,598.644000,2.394576e-03,319.141219,7.136393e-11,0.007478,0.007478,8.388608e+12,4487.04,319.14,f,4,16,1965,9501,56,0x0
2025-11-03T17:34:19,109,9,RTX 3090,,256,250000,1.869856,1.869778,1.872643,600.026000,2.400104e-03,320.416592,7.152867e-11,0.007479,0.007479,8.388608e+12,4486.42,320.42,f,4,16,1965,9501,57,0x0
2025-11-03T17:34:21,110,10,RTX 3090,,256,250000,1.870292,1.870198,1.873079,602.593000,2.410372e-03,321.712548,7.183468e-11,0.007481,0.007481,8.388608e+12,4485.41,321.71,f,4,16,1965,9501,57,0x0
2025-11-03T17:34:23,111,11,RTX 3090,,256,250000,1.870561,1.870451,1.873930,571.570000,2.286280e-03,305.011436,6.813645e-11,0.007482,0.007482,8.388608e+12,4484.81,305.01,f,4,16,1965,9501,57,0x0
2025-11-03T17:34:25,112,12,RTX 3090,,256,250000,1.870549,1.870474,1.876760,605.517000,2.422068e-03,322.639609,7.218325e-11,0.007482,0.007482,8.388608e+12,4484.75,322.64,f,4,16,1965,9501,57,0x0
2025-11-03T17:34:27,113,13,RTX 3090,,256,250000,1.870678,1.870603,1.876514,605.226000,2.420904e-03,322.526798,7.214856e-11,0.007482,0.007483,8.388608e+12,4484.44,322.53,f,4,16,1965,9501,58,0x0
2025-11-03T17:34:29,114,14,RTX 3090,,256,250000,1.871170,1.871097,1.876713,605.871000,2.423484e-03,322.836332,7.222545e-11,0.007484,0.007485,8.388608e+12,4483.26,322.84,f,4,16,1965,9501,58,0x0
2025-11-03T17:34:30,115,15,RTX 3090,,256,250000,1.871208,1.871134,1.876274,606.013000,2.424052e-03,322.987558,7.224238e-11,0.007485,0.007485,8.388608e+12,4483.17,322.99,f,4,16,1965,9501,58,0x0
2025-11-03T17:34:32,116,16,RTX 3090,,256,250000,1.871297,1.871223,1.876702,574.942000,2.299768e-03,306.357709,6.853843e-11,0.007485,0.007485,8.388608e+12,4482.95,306.36,f,4,16,1965,9501,58,0x0
2025-11-03T17:34:34,117,17,RTX 3090,,256,250000,1.871674,1.871579,1.878475,608.729000,2.434916e-03,324.054873,7.256615e-11,0.007486,0.007487,8.388608e+12,4482.10,324.05,f,4,16,1965,9501,59,0x0
2025-11-03T17:34:36,118,18,RTX 3090,,256,250000,1.871393,1.871282,1.876384,608.317000,2.433268e-03,324.196430,7.251704e-11,0.007485,0.007486,8.388608e+12,4482.81,324.20,f,4,16,1965,9501,59,0x0
2025-11-03T17:34:38,119,19,RTX 3090,,256,250000,1.871349,1.871278,1.876689,608.775000,2.435100e-03,324.387737,7.257164e-11,0.007485,0.007485,8.388608e+12,4482.82,324.39,f,4,16,1965,9501,59,0x0
2025-11-03T17:34:40,120,20,RTX 3090,,256,250000,1.871312,1.871241,1.876313,608.922000,2.435688e-03,324.531126,7.258916e-11,0.007485,0.007485,8.388608e+12,4482.91,324.53,f,4,16,1965,9501,59,0x0
2025-11-03T17:34:42,121,21,RTX 3090,,256,250000,1.871250,1.871170,1.876731,577.314000,2.309256e-03,307.616743,6.882119e-11,0.007485,0.007485,8.388608e+12,4483.08,307.62,f,4,16,1965,9501,59,0x0
2025-11-03T17:34:44,122,22,RTX 3090,,256,250000,1.871322,1.871246,1.876792,610.570000,2.442280e-03,325.326437,7.278562e-11,0.007485,0.007485,8.388608e+12,4482.90,325.33,f,4,16,1965,9501,59,0x0
2025-11-03T17:34:45,123,23,RTX 3090,,256,250000,1.870963,1.870887,1.876583,610.827000,2.443308e-03,325.499595,7.281625e-11,0.007484,0.007484,8.388608e+12,4483.76,325.50,f,4,16,1965,9501,59,0x0
2025-11-03T17:34:47,124,24,RTX 3090,,256,250000,1.871336,1.871259,1.876537,610.670000,2.442680e-03,325.423953,7.279754e-11,0.007485,0.007485,8.388608e+12,4482.87,325.42,f,4,16,1965,9501,60,0x0
2025-11-03T17:34:49,125,25,RTX 3090,,256,250000,1.871347,1.871250,1.874113,612.494000,2.449976e-03,326.818080,7.301497e-11,0.007485,0.007485,8.388608e+12,4482.89,326.82,f,4,16,1965,9501,60,0x0
2025-11-03T17:34:51,126,26,RTX 3090,,256,250000,1.871084,1.870951,1.876942,579.042000,2.316168e-03,308.502926,6.902719e-11,0.007484,0.007484,8.388608e+12,4483.61,308.50,f,4,16,1965,9501,60,0x0
2025-11-03T17:34:53,127,27,RTX 3090,,256,250000,1.871012,1.870918,1.875524,608.291000,2.433164e-03,324.331178,7.251394e-11,0.007484,0.007484,8.388608e+12,4483.69,324.33,f,4,16,1965,9501,60,0x0
2025-11-03T17:34:55,128,28,RTX 3090,,256,250000,1.870801,1.870667,1.874497,610.004000,2.440016e-03,325.422736,7.271814e-11,0.007483,0.007483,8.388608e+12,4484.29,325.42,f,4,16,1965,9501,60,0x0
2025-11-03T17:34:57,129,29,RTX 3090,,256,250000,1.870563,1.870488,1.873365,610.946000,2.443784e-03,326.122196,7.283044e-11,0.007482,0.007482,8.388608e+12,4484.72,326.12,f,4,16,1965,9501,60,0x0
2025-11-03T17:34:59,130,30,RTX 3090,,256,250000,1.870629,1.870554,1.873876,579.487000,2.317948e-03,309.245179,6.908023e-11,0.007482,0.007483,8.388608e+12,4484.56,309.25,f,4,16,1965,9501,60,0x0
2025-11-03T17:35:00,131,31,RTX 3090,,256,250000,1.870488,1.870412,1.873515,613.236000,2.452944e-03,327.318351,7.310343e-11,0.007482,0.007482,8.388608e+12,4484.90,327.32,f,4,16,1965,9501,60,0x0
2025-11-03T17:35:02,132,32,RTX 3090,,256,250000,1.870703,1.870627,1.876832,614.162000,2.456648e-03,327.233336,7.321382e-11,0.007483,0.007483,8.388608e+12,4484.38,327.23,f,4,16,1965,9501,60,0x0
2025-11-03T17:35:04,133,33,RTX 3090,,256,250000,1.870520,1.870448,1.876700,613.958000,2.455832e-03,327.147708,7.318950e-11,0.007482,0.007482,8.388608e+12,4484.81,327.15,f,4,16,1965,9501,60,0x0
2025-11-03T17:35:06,134,34,RTX 3090,,256,250000,1.870451,1.870381,1.876485,614.010000,2.456040e-03,327.212766,7.319570e-11,0.007482,0.007482,8.388608e+12,4484.97,327.21,f,4,16,1965,9501,60,0x0
2025-11-03T17:35:08,135,35,RTX 3090,,256,250000,1.870193,1.870118,1.872964,581.658000,2.326632e-03,310.554758,6.933904e-11,0.007480,0.007481,8.388608e+12,4485.60,310.55,f,4,16,1965,9501,60,0x0
2025-11-03T17:35:10,136,36,RTX 3090,,256,250000,1.870258,1.870188,1.873555,609.882000,2.439528e-03,325.521195,7.270360e-11,0.007481,0.007481,8.388608e+12,4485.44,325.52,f,4,16,1965,9501,60,0x0
2025-11-03T17:35:12,137,37,RTX 3090,,256,250000,1.870164,1.870031,1.874019,612.120000,2.448480e-03,326.634849,7.297039e-11,0.007480,0.007481,8.388608e+12,4485.81,326.63,f,4,16,1965,9501,61,0x0
2025-11-03T17:35:14,138,38,RTX 3090,,256,250000,1.870112,1.870036,1.872945,612.956000,2.451824e-03,327.268520,7.307005e-11,0.007480,0.007480,8.388608e+12,4485.80,327.27,f,4,16,1965,9501,61,0x0
2025-11-03T17:35:15,139,39,RTX 3090,,256,250000,1.870149,1.870074,1.872903,582.151000,2.328604e-03,310.828205,6.939781e-11,0.007480,0.007481,8.388608e+12,4485.71,310.83,f,4,16,1965,9501,61,0x0
2025-11-03T17:35:17,140,40,RTX 3090,,256,250000,1.870154,1.870084,1.876585,615.957000,2.463828e-03,328.232953,7.342780e-11,0.007480,0.007481,8.388608e+12,4485.69,328.23,f,4,16,1965,9501,61,0x0
2025-11-03T17:35:19,141,41,RTX 3090,,256,250000,1.870275,1.870201,1.876819,615.615000,2.462460e-03,328.009826,7.338703e-11,0.007481,0.007481,8.388608e+12,4485.40,328.01,f,4,16,1965,9501,61,0x0
2025-11-03T17:35:21,142,42,RTX 3090,,256,250000,1.870109,1.869977,1.873786,616.675000,2.466700e-03,329.106382,7.351339e-11,0.007480,0.007480,8.388608e+12,4485.94,329.11,f,4,16,1965,9501,61,0x0
2025-11-03T17:35:23,143,43,RTX 3090,,256,250000,1.870168,1.870088,1.873688,611.261000,2.445044e-03,326.234147,7.286799e-11,0.007480,0.007481,8.388608e+12,4485.68,326.23,f,4,16,1965,9501,61,0x0
2025-11-03T17:35:25,144,44,RTX 3090,,256,250000,1.870087,1.870009,1.872888,585.382000,2.341528e-03,312.555861,6.978297e-11,0.007480,0.007480,8.388608e+12,4485.87,312.56,f,4,16,1965,9501,61,0x0
2025-11-03T17:35:27,145,45,RTX 3090,,256,250000,1.872667,1.872575,1.875437,615.629000,2.462516e-03,328.258936,7.338870e-11,0.007490,0.007491,8.388608e+12,4479.72,328.26,f,4,16,1950,9501,61,0x0
2025-11-03T17:35:29,146,46,RTX 3090,,256,250000,1.874406,1.874282,1.877210,617.403000,2.469612e-03,328.893898,7.360017e-11,0.007497,0.007498,8.388608e+12,4475.64,328.89,f,4,16,1950,9501,61,0x0
2025-11-03T17:35:30,147,47,RTX 3090,,256,250000,1.874187,1.874079,1.877000,617.305000,2.469220e-03,328.878597,7.358849e-11,0.007496,0.007497,8.388608e+12,4476.12,328.88,f,4,16,1950,9501,61,0x0
2025-11-03T17:35:32,148,48,RTX 3090,,256,250000,1.874232,1.874156,1.876999,584.280000,2.337120e-03,311.284106,6.965160e-11,0.007497,0.007497,8.388608e+12,4475.94,311.28,f,4,16,1950,9501,61,0x0
2025-11-03T17:35:34,149,49,RTX 3090,,256,250000,1.874170,1.874092,1.876956,587.557000,2.350228e-03,313.037136,7.004225e-11,0.007496,0.007497,8.388608e+12,4476.09,313.04,f,4,16,1950,9501,61,0x0
2025-11-03T17:35:36,150,50,RTX 3090,,256,250000,1.873884,1.873813,1.876650,616.427000,2.465708e-03,328.471974,7.348382e-11,0.007495,0.007496,8.388608e+12,4476.76,328.47,f,4,16,1950,9501,61,0x0
2025-11-03T17:36:11,151,1,RTX 3090,,512,65536,1.646782,1.646273,1.651815,570.977000,8.712418e-03,345.666521,3.245628e-11,0.025120,0.025128,1.759219e+13,10686.07,345.67,f,4,16,1755,9501,54,0x4
2025-11-03T17:36:13,152,2,RTX 3090,,512,65536,1.650838,1.650496,1.657423,571.540000,8.721008e-03,344.836628,3.248829e-11,0.025185,0.025190,1.759219e+13,10658.73,344.84,f,4,16,1755,9501,55,0x4
2025-11-03T17:36:14,153,3,RTX 3090,,512,65536,1.648821,1.648316,1.653030,539.388000,8.230408e-03,326.302624,3.066066e-11,0.025151,0.025159,1.759219e+13,10672.83,326.30,f,4,16,1770,9501,56,0x4
2025-11-03T17:36:16,154,4,RTX 3090,,512,65536,1.656273,1.655933,1.662167,565.316000,8.626038e-03,340.107881,3.213449e-11,0.025268,0.025273,1.759219e+13,10623.73,340.11,f,4,16,1755,9501,56,0x4
2025-11-03T17:36:18,155,5,RTX 3090,,512,65536,1.655391,1.655056,1.658861,538.807000,8.221542e-03,324.805339,3.062763e-11,0.025254,0.025259,1.759219e+13,10629.36,324.81,f,4,16,1770,9501,56,0x4
2025-11-03T17:36:19,156,6,RTX 3090,,512,65536,1.661568,1.661237,1.664546,569.189000,8.685135e-03,341.948542,3.235465e-11,0.025348,0.025354,1.759219e+13,10589.81,341.95,f,4,16,1740,9501,57,0x4
2025-11-03T17:36:21,157,7,RTX 3090,,512,65536,1.656800,1.656473,1.660600,570.451000,8.704391e-03,343.521101,3.242639e-11,0.025276,0.025281,1.759219e+13,10620.27,343.52,f,4,16,1755,9501,57,0x4
2025-11-03T17:36:23,158,8,RTX 3090,,512,65536,1.661691,1.661357,1.667557,530.881000,8.100601e-03,318.358442,3.017709e-11,0.025350,0.025355,1.759219e+13,10589.04,318.36,f,4,16,1740,9501,57,0x4
2025-11-03T17:36:24,159,9,RTX 3090,,512,65536,1.657791,1.657464,1.660777,572.380000,8.733826e-03,344.645891,3.253604e-11,0.025291,0.025296,1.759219e+13,10613.92,344.65,f,4,16,1755,9501,58,0x4
2025-11-03T17:36:26,160,10,RTX 3090,,512,65536,1.662533,1.662197,1.668813,567.210000,8.654938e-03,339.888197,3.224216e-11,0.025363,0.025368,1.759219e+13,10583.70,339.89,f,4,16,1740,9501,58,0x4
2025-11-03T17:36:28,161,11,RTX 3090,,512,65536,1.659532,1.659204,1.662590,538.539000,8.217453e-03,323.915623,3.061240e-11,0.025317,0.025322,1.759219e+13,10602.78,323.92,f,4,16,1755,9501,58,0x4
2025-11-03T17:36:29,162,12,RTX 3090,,512,65536,1.663262,1.662924,1.666251,539.566000,8.233124e-03,323.820325,3.067078e-11,0.025374,0.025379,1.759219e+13,10579.07,323.82,f,4,16,1740,9501,58,0x4
2025-11-03T17:36:31,163,13,RTX 3090,,512,65536,1.660904,1.660569,1.665192,566.972000,8.651306e-03,340.484362,3.222863e-11,0.025338,0.025343,1.759219e+13,10594.07,340.48,f,4,16,1740,9501,58,0x4
2025-11-03T17:36:33,164,14,RTX 3090,,512,65536,1.664248,1.663918,1.667152,569.838000,8.695038e-03,341.803257,3.239154e-11,0.025389,0.025394,1.759219e+13,10572.75,341.80,f,4,16,1740,9501,59,0x4
2025-11-03T17:36:34,165,15,RTX 3090,,512,65536,1.660854,1.660523,1.665974,540.001000,8.239761e-03,324.135283,3.069550e-11,0.025338,0.025343,1.759219e+13,10594.36,324.14,f,4,16,1755,9501,59,0x4
2025-11-03T17:36:36,166,16,RTX 3090,,512,65536,1.665854,1.665465,1.668811,570.510000,8.705292e-03,341.866187,3.242974e-11,0.025413,0.025419,1.759219e+13,10562.93,341.87,f,4,16,1740,9501,59,0x4
2025-11-03T17:36:38,167,17,RTX 3090,,512,65536,1.662714,1.662273,1.668234,568.099000,8.668503e-03,340.539256,3.229269e-11,0.025364,0.025371,1.759219e+13,10583.21,340.54,f,4,16,1755,9501,59,0x4
2025-11-03T17:36:39,168,18,RTX 3090,,512,65536,1.665672,1.665340,1.671006,536.702000,8.189423e-03,321.184878,3.050798e-11,0.025411,0.025416,1.759219e+13,10563.72,321.18,f,4,16,1740,9501,59,0x4
2025-11-03T17:36:41,169,19,RTX 3090,,512,65536,1.663301,1.662960,1.666245,574.607000,8.767807e-03,344.851377,3.266263e-11,0.025375,0.025380,1.759219e+13,10578.84,344.85,f,4,16,1740,9501,59,0x4
2025-11-03T17:36:43,170,20,RTX 3090,,512,65536,1.666631,1.666282,1.669654,568.304000,8.671631e-03,340.372290,3.230434e-11,0.025425,0.025431,1.759219e+13,10557.75,340.37,f,4,16,1740,9501,60,0x4
2025-11-03T17:36:44,171,21,RTX 3090,,512,65536,1.663680,1.663345,1.666548,573.187000,8.746140e-03,343.936759,3.258191e-11,0.025381,0.025386,1.759219e+13,10576.39,343.94,f,4,16,1755,9501,60,0x4
2025-11-03T17:36:46,172,22,RTX 3090,,512,65536,1.666863,1.666531,1.669835,538.686000,8.219696e-03,322.598323,3.062075e-11,0.025429,0.025434,1.759219e+13,10556.17,322.60,f,4,16,1740,9501,60,0x4
2025-11-03T17:36:48,173,23,RTX 3090,,512,65536,1.664522,1.664190,1.667546,572.828000,8.740662e-03,343.515554,3.256150e-11,0.025394,0.025399,1.759219e+13,10571.02,343.52,f,4,16,1740,9501,60,0x4
2025-11-03T17:36:49,174,24,RTX 3090,,512,65536,1.666780,1.666440,1.670884,565.668000,8.631409e-03,338.544194,3.215450e-11,0.025428,0.025433,1.759219e+13,10556.74,338.54,f,4,16,1740,9501,60,0x4
2025-11-03T17:36:51,175,25,RTX 3090,,512,65536,1.664457,1.664117,1.668666,537.561000,8.202530e-03,322.150125,3.055681e-11,0.025392,0.025398,1.759219e+13,10571.48,322.15,f,4,16,1740,9501,60,0x4
2025-11-03T17:36:53,176,26,RTX 3090,,512,65536,1.666946,1.666609,1.669948,571.627000,8.722336e-03,342.302303,3.249323e-11,0.025430,0.025436,1.759219e+13,10555.68,342.30,f,4,16,1740,9501,60,0x4
2025-11-03T17:36:54,177,27,RTX 3090,,512,65536,1.665622,1.665291,1.670487,567.356000,8.657166e-03,339.635079,3.225045e-11,0.025410,0.025415,1.759219e+13,10564.03,339.64,f,4,16,1740,9501,60,0x4
2025-11-03T17:36:56,178,28,RTX 3090,,512,65536,1.669457,1.668947,1.673695,569.403000,8.688400e-03,340.207080,3.236681e-11,0.025466,0.025474,1.759219e+13,10540.89,340.21,f,4,16,1755,9501,61,0x4
2025-11-03T17:36:58,179,29,RTX 3090,,512,65536,1.666500,1.666156,1.673549,537.242000,8.197662e-03,321.019617,3.053867e-11,0.025424,0.025429,1.759219e+13,10558.54,321.02,f,4,16,1755,9501,61,0x4
2025-11-03T17:36:59,180,30,RTX 3090,,512,65536,1.665726,1.665389,1.668819,574.681000,8.768936e-03,344.363849,3.266683e-11,0.025412,0.025417,1.759219e+13,10563.41,344.36,f,4,16,1755,9501,61,0x4
2025-11-03T17:37:01,181,31,RTX 3090,,512,65536,1.664673,1.664343,1.672017,569.206000,8.685394e-03,340.430754,3.235562e-11,0.025396,0.025401,1.759219e+13,10570.05,340.43,f,4,16,1755,9501,61,0x4
2025-11-03T17:37:03,182,32,RTX 3090,,512,65536,1.666057,1.665726,1.669792,570.720000,8.708496e-03,341.791062,3.244168e-11,0.025417,0.025422,1.759219e+13,10561.27,341.79,f,4,16,1740,9501,61,0x4
2025-11-03T17:37:04,183,33,RTX 3090,,512,65536,1.664734,1.664400,1.667936,539.988000,8.239563e-03,323.746172,3.069476e-11,0.025397,0.025402,1.759219e+13,10569.69,323.75,f,4,16,1755,9501,61,0x4
2025-11-03T17:37:06,184,34,RTX 3090,,512,65536,1.663916,1.663588,1.671678,570.063000,8.698471e-03,341.012503,3.240433e-11,0.025384,0.025389,1.759219e+13,10574.85,341.01,f,4,16,1740,9501,61,0x4
2025-11-03T17:37:08,185,35,RTX 3090,,512,65536,1.663666,1.663333,1.669885,572.494000,8.735565e-03,342.834428,3.254252e-11,0.025380,0.025386,1.759219e+13,10576.47,342.83,f,4,16,1755,9501,61,0x4
2025-11-03T17:37:09,186,36,RTX 3090,,512,65536,1.665963,1.665636,1.668857,573.381000,8.749100e-03,343.577026,3.259294e-11,0.025416,0.025421,1.759219e+13,10561.84,343.58,f,4,16,1740,9501,61,0x4
2025-11-03T17:37:11,187,37,RTX 3090,,512,65536,1.663559,1.663217,1.671072,541.798000,8.267181e-03,324.221839,3.079765e-11,0.025379,0.025384,1.759219e+13,10577.20,324.22,f,4,16,1755,9501,61,0x4
2025-11-03T17:37:13,188,38,RTX 3090,,512,65536,1.668299,1.667962,1.672025,570.508000,8.705261e-03,341.207775,3.242963e-11,0.025451,0.025456,1.759219e+13,10547.12,341.21,f,4,16,1725,9501,61,0x4
2025-11-03T17:37:14,189,39,RTX 3090,,512,65536,1.664465,1.664137,1.667541,574.952000,8.773071e-03,344.790243,3.268224e-11,0.025393,0.025398,1.759219e+13,10571.36,344.79,f,4,16,1755,9501,61,0x4
2025-11-03T17:37:16,190,40,RTX 3090,,512,65536,1.666821,1.666489,1.674188,568.917000,8.680984e-03,339.816744,3.233919e-11,0.025429,0.025434,1.759219e+13,10556.44,339.82,f,4,16,1740,9501,61,0x4
2025-11-03T17:37:18,191,41,RTX 3090,,512,65536,1.665552,1.665212,1.668521,542.905000,8.284073e-03,325.381065,3.086058e-11,0.025409,0.025414,1.759219e+13,10564.53,325.38,f,4,16,1755,9501,61,0x4
2025-11-03T17:37:19,192,42,RTX 3090,,512,65536,1.666939,1.666612,1.669938,572.545000,8.736343e-03,342.854004,3.254542e-11,0.025430,0.025435,1.759219e+13,10555.66,342.85,f,4,16,1740,9501,61,0x4
2025-11-03T17:37:21,193,43,RTX 3090,,512,65536,1.665197,1.664865,1.670423,568.860000,8.680115e-03,340.548538,3.233595e-11,0.025404,0.025409,1.759219e+13,10566.74,340.55,f,4,16,1755,9501,61,0x4
2025-11-03T17:37:23,194,44,RTX 3090,,512,65536,1.667276,1.666893,1.671007,537.434000,8.200592e-03,321.622777,3.054959e-11,0.025435,0.025441,1.759219e+13,10553.88,321.62,f,4,16,1740,9501,61,0x4
2025-11-03T17:37:24,195,45,RTX 3090,,512,65536,1.666087,1.665645,1.669178,575.020000,8.774109e-03,344.492892,3.268610e-11,0.025416,0.025422,1.759219e+13,10561.79,344.49,f,4,16,1740,9501,61,0x4
2025-11-03T17:37:26,196,46,RTX 3090,,512,65536,1.665000,1.664662,1.671513,570.021000,8.697830e-03,341.021011,3.240194e-11,0.025401,0.025406,1.759219e+13,10568.02,341.02,f,4,16,1755,9501,62,0x4
2025-11-03T17:37:28,197,47,RTX 3090,,512,65536,1.667353,1.667027,1.670309,570.237000,8.701126e-03,341.396075,3.241422e-11,0.025437,0.025442,1.759219e+13,10553.03,341.40,f,4,16,1740,9501,61,0x4
2025-11-03T17:37:29,198,48,RTX 3090,,512,65536,1.666865,1.666531,1.669820,539.906000,8.238312e-03,323.331819,3.069010e-11,0.025429,0.025434,1.759219e+13,10556.17,323.33,f,4,16,1740,9501,62,0x4
2025-11-03T17:37:31,199,49,RTX 3090,,512,65536,1.664839,1.664510,1.669834,570.640000,8.707275e-03,341.734662,3.243713e-11,0.025398,0.025403,1.759219e+13,10568.99,341.73,f,4,16,1755,9501,62,0x4
2025-11-03T17:37:33,200,50,RTX 3090,,512,65536,1.667612,1.667277,1.671079,570.741000,8.708817e-03,341.540373,3.244287e-11,0.025441,0.025446,1.759219e+13,10551.45,341.54,f,4,16,1740,9501,62,0x4
2025-11-03T17:38:06,201,1,RTX 3090,,1024,8192,1.099651,1.098407,1.103120,366.940000,4.479248e-02,332.638272,2.085812e-11,0.134083,0.134235,1.759219e+13,16016.09,332.64,f,4,16,1650,9501,54,0x4
2025-11-03T17:38:07,202,2,RTX 3090,,1024,8192,1.102075,1.100829,1.106564,366.168000,4.469824e-02,330.905491,2.081424e-11,0.134378,0.134531,1.759219e+13,15980.86,330.91,f,4,16,1635,9501,55,0x4
2025-11-03T17:38:08,203,3,RTX 3090,,1024,8192,1.103751,1.102495,1.106964,403.360000,4.923828e-02,364.384030,2.292836e-11,0.134582,0.134735,1.759219e+13,15956.70,364.38,f,4,16,1620,9501,55,0x4
2025-11-03T17:38:09,204,4,RTX 3090,,1024,8192,1.105028,1.103764,1.109156,371.355000,4.533142e-02,334.808554,2.110909e-11,0.134737,0.134891,1.759219e+13,15938.36,334.81,f,4,16,1620,9501,55,0x4
2025-11-03T17:38:11,205,5,RTX 3090,,1024,8192,1.104130,1.102869,1.107466,368.933000,4.503577e-02,333.132652,2.097141e-11,0.134628,0.134782,1.759219e+13,15951.29,333.13,f,4,16,1620,9501,56,0x4
2025-11-03T17:38:12,206,6,RTX 3090,,1024,8192,1.104658,1.103400,1.112479,365.743000,4.464636e-02,328.763932,2.079008e-11,0.134692,0.134846,1.759219e+13,15943.62,328.76,f,4,16,1650,9501,56,0x4
2025-11-03T17:38:13,207,7,RTX 3090,,1024,8192,1.106956,1.105711,1.110889,366.780000,4.477295e-02,330.168084,2.084903e-11,0.134974,0.135126,1.759219e+13,15910.29,330.17,f,4,16,1635,9501,56,0x4
2025-11-03T17:38:14,208,8,RTX 3090,,1024,8192,1.105919,1.104671,1.109240,368.843000,4.502478e-02,332.518609,2.096630e-11,0.134848,0.135000,1.759219e+13,15925.27,332.52,f,4,16,1635,9501,57,0x4
2025-11-03T17:38:15,209,9,RTX 3090,,1024,8192,1.106593,1.105340,1.112557,364.172000,4.445459e-02,327.328866,2.070078e-11,0.134929,0.135082,1.759219e+13,15915.63,327.33,f,4,16,1620,9501,57,0x4
2025-11-03T17:38:16,210,10,RTX 3090,,1024,8192,1.105698,1.104436,1.109196,367.620000,4.487549e-02,331.429267,2.089678e-11,0.134819,0.134973,1.759219e+13,15928.66,331.43,f,4,16,1650,9501,57,0x4
2025-11-03T17:38:17,211,11,RTX 3090,,1024,8192,1.105807,1.104548,1.108927,404.505000,4.937805e-02,364.771410,2.299345e-11,0.134832,0.134986,1.759219e+13,15927.05,364.77,f,4,16,1635,9501,57,0x4
2025-11-03T17:38:18,212,12,RTX 3090,,1024,8192,1.106933,1.105680,1.112609,370.313000,4.520422e-02,332.833071,2.104986e-11,0.134971,0.135124,1.759219e+13,15910.74,332.83,f,4,16,1635,9501,58,0x4
2025-11-03T17:38:19,213,13,RTX 3090,,1024,8192,1.108670,1.107416,1.111926,366.786000,4.477368e-02,329.865489,2.084937e-11,0.135183,0.135336,1.759219e+13,15885.80,329.87,f,4,16,1620,9501,58,0x4
2025-11-03T17:38:21,214,14,RTX 3090,,1024,8192,1.108555,1.107300,1.112854,368.335000,4.496277e-02,330.982249,2.093742e-11,0.135168,0.135322,1.759219e+13,15887.46,330.98,f,4,16,1635,9501,58,0x4
2025-11-03T17:38:22,215,15,RTX 3090,,1024,8192,1.108445,1.107191,1.111791,369.294000,4.507983e-02,332.161489,2.099193e-11,0.135155,0.135308,1.759219e+13,15889.02,332.16,f,4,16,1620,9501,58,0x4
2025-11-03T17:38:23,216,16,RTX 3090,,1024,8192,1.109729,1.108483,1.114096,363.200000,4.433594e-02,326.004279,2.064553e-11,0.135313,0.135465,1.759219e+13,15870.51,326.00,f,4,16,1635,9501,58,0x4
2025-11-03T17:38:24,217,17,RTX 3090,,1024,8192,1.109240,1.107990,1.115579,399.752000,4.879785e-02,358.335969,2.272327e-11,0.135253,0.135405,1.759219e+13,15877.57,358.34,f,4,16,1635,9501,58,0x4
2025-11-03T17:38:25,218,18,RTX 3090,,1024,8192,1.110909,1.109643,1.114071,371.181000,4.531018e-02,333.175244,2.109920e-11,0.135455,0.135609,1.759219e+13,15853.91,333.18,f,4,16,1620,9501,58,0x4
2025-11-03T17:38:26,219,19,RTX 3090,,1024,8192,1.111079,1.109823,1.114284,366.959000,4.479480e-02,329.322710,2.085920e-11,0.135476,0.135630,1.759219e+13,15851.35,329.32,f,4,16,1635,9501,59,0x4
2025-11-03T17:38:27,220,20,RTX 3090,,1024,8192,1.110292,1.109039,1.113623,368.005000,4.492249e-02,330.457463,2.091866e-11,0.135381,0.135534,1.759219e+13,15862.55,330.46,f,4,16,1620,9501,59,0x4
2025-11-03T17:38:28,221,21,RTX 3090,,1024,8192,1.110829,1.109576,1.116177,368.640000,4.500000e-02,330.270245,2.095476e-11,0.135446,0.135599,1.759219e+13,15854.87,330.27,f,4,16,1620,9501,59,0x4
2025-11-03T17:38:29,222,22,RTX 3090,,1024,8192,1.110594,1.109327,1.116515,368.812000,4.502100e-02,330.324150,2.096453e-11,0.135416,0.135571,1.759219e+13,15858.43,330.32,f,4,16,1620,9501,59,0x4
2025-11-03T17:38:31,223,23,RTX 3090,,1024,8192,1.110305,1.109050,1.118650,404.300000,4.935303e-02,361.417870,2.298179e-11,0.135382,0.135535,1.759219e+13,15862.40,361.42,f,4,16,1635,9501,59,0x4
2025-11-03T17:38:32,224,24,RTX 3090,,1024,8192,1.110543,1.109287,1.117797,369.864000,4.514941e-02,330.886516,2.102433e-11,0.135411,0.135564,1.759219e+13,15859.00,330.89,f,4,16,1605,9501,59,0x4
2025-11-03T17:38:33,225,25,RTX 3090,,1024,8192,1.111352,1.110093,1.116822,369.196000,4.506787e-02,330.577262,2.098636e-11,0.135509,0.135663,1.759219e+13,15847.49,330.58,f,4,16,1620,9501,59,0x4
2025-11-03T17:38:34,226,26,RTX 3090,,1024,8192,1.111797,1.110528,1.116633,368.821000,4.502209e-02,330.297439,2.096505e-11,0.135562,0.135717,1.759219e+13,15841.29,330.30,f,4,16,1620,9501,59,0x4
2025-11-03T17:38:35,227,27,RTX 3090,,1024,8192,1.111569,1.110323,1.116764,368.812000,4.502100e-02,330.250526,2.096453e-11,0.135537,0.135690,1.759219e+13,15844.21,330.25,f,4,16,1635,9501,59,0x4
2025-11-03T17:38:36,228,28,RTX 3090,,1024,8192,1.111749,1.110491,1.116798,404.478000,4.937476e-02,362.176378,2.299191e-11,0.135558,0.135712,1.759219e+13,15841.81,362.18,f,4,16,1620,9501,60,0x4
2025-11-03T17:38:37,229,29,RTX 3090,,1024,8192,1.111273,1.110006,1.117081,369.632000,4.512109e-02,330.891013,2.101115e-11,0.135499,0.135653,1.759219e+13,15848.73,330.89,f,4,16,1605,9501,60,0x4
2025-11-03T17:38:38,230,30,RTX 3090,,1024,8192,1.111219,1.109967,1.116684,369.618000,4.511938e-02,330.996174,2.101035e-11,0.135494,0.135647,1.759219e+13,15849.29,331.00,f,4,16,1605,9501,60,0x4
2025-11-03T17:38:40,231,31,RTX 3090,,1024,8192,1.112493,1.111234,1.116861,368.870000,4.502808e-02,330.273940,2.096783e-11,0.135649,0.135802,1.759219e+13,15831.22,330.27,f,4,16,1635,9501,60,0x4
2025-11-03T17:38:41,232,32,RTX 3090,,1024,8192,1.112309,1.111040,1.116642,369.267000,4.507654e-02,330.694030,2.099040e-11,0.135625,0.135780,1.759219e+13,15833.98,330.69,f,4,16,1620,9501,60,0x4
2025-11-03T17:38:42,233,33,RTX 3090,,1024,8192,1.113109,1.111850,1.117547,404.513000,4.937903e-02,361.965001,2.299390e-11,0.135724,0.135878,1.759219e+13,15822.44,361.97,f,4,16,1620,9501,60,0x4
2025-11-03T17:38:43,234,34,RTX 3090,,1024,8192,1.113572,1.112319,1.117658,369.022000,4.504663e-02,330.174271,2.097647e-11,0.135781,0.135934,1.759219e+13,15815.78,330.17,f,4,16,1605,9501,60,0x4
2025-11-03T17:38:44,235,35,RTX 3090,,1024,8192,1.113047,1.111781,1.116827,369.150000,4.506226e-02,330.534769,2.098375e-11,0.135715,0.135870,1.759219e+13,15823.43,330.53,f,4,16,1605,9501,60,0x4
2025-11-03T17:38:45,236,36,RTX 3090,,1024,8192,1.112904,1.111632,1.116983,369.391000,4.509167e-02,330.704352,2.099745e-11,0.135697,0.135853,1.759219e+13,15825.54,330.70,f,4,16,1635,9501,60,0x4
2025-11-03T17:38:46,237,37,RTX 3090,,1024,8192,1.114899,1.113636,1.118514,368.122000,4.493677e-02,329.116902,2.092531e-11,0.135942,0.136096,1.759219e+13,15797.07,329.12,f,4,16,1635,9501,60,0x4
2025-11-03T17:38:47,238,38,RTX 3090,,1024,8192,1.115008,1.113746,1.118209,402.717000,4.915979e-02,360.144620,2.289181e-11,0.135955,0.136109,1.759219e+13,15795.51,360.14,f,4,16,1620,9501,60,0x4
2025-11-03T17:38:49,239,39,RTX 3090,,1024,8192,1.112507,1.111237,1.115740,368.403000,4.497107e-02,330.187263,2.094129e-11,0.135649,0.135804,1.759219e+13,15831.17,330.19,f,4,16,1620,9501,61,0x4
2025-11-03T17:38:50,240,40,RTX 3090,,1024,8192,1.112569,1.111320,1.115794,368.404000,4.497119e-02,330.171968,2.094134e-11,0.135659,0.135812,1.759219e+13,15830.00,330.17,f,4,16,1620,9501,61,0x4
2025-11-03T17:38:51,241,41,RTX 3090,,1024,8192,1.111528,1.110276,1.115480,368.902000,4.503198e-02,330.711317,2.096965e-11,0.135532,0.135685,1.759219e+13,15844.88,330.71,f,4,16,1620,9501,61,0x4
2025-11-03T17:38:52,242,42,RTX 3090,,1024,8192,1.111289,1.110035,1.116497,369.281000,4.507825e-02,330.749645,2.099119e-11,0.135502,0.135655,1.759219e+13,15848.31,330.75,f,4,16,1620,9501,61,0x4
2025-11-03T17:38:53,243,43,RTX 3090,,1024,8192,1.111423,1.110167,1.116742,404.707000,4.940271e-02,362.399842,2.300493e-11,0.135518,0.135672,1.759219e+13,15846.43,362.40,f,4,16,1605,9501,61,0x4
2025-11-03T17:38:54,244,44,RTX 3090,,1024,8192,1.111575,1.110324,1.116966,369.885000,4.515198e-02,331.151633,2.102553e-11,0.135538,0.135690,1.759219e+13,15844.19,331.15,f,4,16,1635,9501,61,0x4
2025-11-03T17:38:55,245,45,RTX 3090,,1024,8192,1.111504,1.110242,1.117027,369.834000,4.514575e-02,331.087670,2.102263e-11,0.135528,0.135682,1.759219e+13,15845.35,331.09,f,4,16,1635,9501,61,0x4
2025-11-03T17:38:56,246,46,RTX 3090,,1024,8192,1.112573,1.111309,1.116833,369.404000,4.509326e-02,330.760292,2.099819e-11,0.135658,0.135812,1.759219e+13,15830.15,330.76,f,4,16,1635,9501,61,0x4
2025-11-03T17:38:57,247,47,RTX 3090,,1024,8192,1.113958,1.112687,1.117627,368.724000,4.501025e-02,329.916896,2.095953e-11,0.135826,0.135981,1.759219e+13,15810.54,329.92,f,4,16,1635,9501,61,0x4
2025-11-03T17:38:59,248,48,RTX 3090,,1024,8192,1.113270,1.112009,1.116824,403.582000,4.926538e-02,361.365869,2.294098e-11,0.135743,0.135897,1.759219e+13,15820.19,361.37,f,4,16,1620,9501,61,0x4
2025-11-03T17:39:00,249,49,RTX 3090,,1024,8192,1.112703,1.111445,1.116734,369.414000,4.509448e-02,330.798517,2.099875e-11,0.135674,0.135828,1.759219e+13,15828.21,330.80,f,4,16,1605,9501,61,0x4
2025-11-03T17:39:01,250,50,RTX 3090,,1024,8192,1.111631,1.110368,1.116597,369.828000,4.514502e-02,331.209830,2.102229e-11,0.135543,0.135697,1.759219e+13,15843.57,331.21,f,4,16,1605,9501,61,0x4
2025-11-03T17:39:36,251,1,RTX 3090,,2048,2048,1.610333,1.606624,1.615110,551.411000,2.692437e-01,341.407672,1.567204e-11,0.784484,0.786295,3.518437e+13,21899.57,341.41,f,4,16,1590,9501,54,0x4
2025-11-03T17:39:37,252,2,RTX 3090,,2048,2048,1.622746,1.619017,1.629116,538.829000,2.631001e-01,330.749303,1.531444e-11,0.790536,0.792357,3.518437e+13,21731.93,330.75,f,4,16,1575,9501,55,0x4
2025-11-03T17:39:39,253,3,RTX 3090,,2048,2048,1.614734,1.610870,1.617870,547.706000,2.674346e-01,338.535240,1.556674e-11,0.786558,0.788444,3.518437e+13,21841.84,338.54,f,4,16,1605,9501,56,0x4
2025-11-03T17:39:40,254,4,RTX 3090,,2048,2048,1.623878,1.620127,1.630975,546.864000,2.670234e-01,335.298725,1.554281e-11,0.791078,0.792909,3.518437e+13,21717.05,335.30,f,4,16,1575,9501,56,0x4
2025-11-03T17:39:42,255,5,RTX 3090,,2048,2048,1.618168,1.614425,1.621558,547.950000,2.675537e-01,337.915842,1.557368e-11,0.788293,0.790121,3.518437e+13,21793.75,337.92,f,4,16,1590,9501,56,0x4
2025-11-03T17:39:44,256,6,RTX 3090,,2048,2048,1.625923,1.622130,1.632052,542.712000,2.649961e-01,332.533509,1.542480e-11,0.792056,0.793908,3.518437e+13,21690.23,332.53,f,4,16,1575,9501,57,0x4
2025-11-03T17:39:45,257,7,RTX 3090,,2048,2048,1.620832,1.617073,1.624519,583.847000,2.850815e-01,359.396845,1.659393e-11,0.789587,0.791422,3.518437e+13,21758.06,359.40,f,4,16,1605,9501,57,0x4
2025-11-03T17:39:47,258,8,RTX 3090,,2048,2048,1.626984,1.623159,1.630709,543.086000,2.651787e-01,333.036675,1.543543e-11,0.792558,0.794426,3.518437e+13,21676.48,333.04,f,4,16,1575,9501,57,0x4
2025-11-03T17:39:49,259,9,RTX 3090,,2048,2048,1.622729,1.619019,1.625959,547.636000,2.674004e-01,336.808067,1.556475e-11,0.790537,0.792348,3.518437e+13,21731.90,336.81,f,4,16,1575,9501,58,0x4
2025-11-03T17:39:50,260,10,RTX 3090,,2048,2048,1.627083,1.623258,1.630228,577.114000,2.817939e-01,354.008168,1.640257e-11,0.792606,0.794474,3.518437e+13,21675.16,354.01,f,4,16,1575,9501,58,0x4
2025-11-03T17:39:52,261,11,RTX 3090,,2048,2048,1.626903,1.623059,1.633362,545.991000,2.665972e-01,334.274375,1.551800e-11,0.792509,0.794386,3.518437e+13,21677.82,334.27,f,4,16,1575,9501,58,0x4
2025-11-03T17:39:53,262,12,RTX 3090,,2048,2048,1.626769,1.622967,1.630065,546.350000,2.667725e-01,335.170715,1.552820e-11,0.792465,0.794321,3.518437e+13,21679.04,335.17,f,4,16,1590,9501,58,0x4
2025-11-03T17:39:55,263,13,RTX 3090,,2048,2048,1.625774,1.621964,1.631344,577.975000,2.822144e-01,354.293691,1.642704e-11,0.791975,0.793835,3.518437e+13,21692.44,354.29,f,4,16,1590,9501,59,0x4
2025-11-03T17:39:57,264,14,RTX 3090,,2048,2048,1.628187,1.624410,1.631627,544.222000,2.657334e-01,333.545506,1.546772e-11,0.793169,0.795013,3.518437e+13,21659.79,333.55,f,4,16,1575,9501,59,0x4
2025-11-03T17:39:58,265,15,RTX 3090,,2048,2048,1.629359,1.625795,1.635412,546.078000,2.666396e-01,333.908549,1.552047e-11,0.793845,0.795585,3.518437e+13,21641.33,333.91,f,4,16,1590,9501,59,0x4
2025-11-03T17:40:00,266,16,RTX 3090,,2048,2048,1.628368,1.624480,1.631618,582.514000,2.844307e-01,357.016107,1.655604e-11,0.793203,0.795101,3.518437e+13,21658.85,357.02,f,4,16,1590,9501,59,0x4
2025-11-03T17:40:02,267,17,RTX 3090,,2048,2048,1.629896,1.626128,1.634423,541.487000,2.643979e-01,331.301721,1.538999e-11,0.794008,0.795848,3.518437e+13,21636.90,331.30,f,4,16,1575,9501,59,0x4
2025-11-03T17:40:03,268,18,RTX 3090,,2048,2048,1.629131,1.625396,1.635621,576.961000,2.817192e-01,352.747428,1.639822e-11,0.793650,0.795474,3.518437e+13,21646.65,352.75,f,4,16,1590,9501,60,0x4
2025-11-03T17:40:05,269,19,RTX 3090,,2048,2048,1.630410,1.626841,1.634664,548.367000,2.677573e-01,335.461514,1.558553e-11,0.794356,0.796098,3.518437e+13,21627.41,335.46,f,4,16,1575,9501,60,0x4
2025-11-03T17:40:07,270,20,RTX 3090,,2048,2048,1.629215,1.625448,1.632495,545.512000,2.663633e-01,334.158393,1.550438e-11,0.793676,0.795515,3.518437e+13,21645.95,334.16,f,4,16,1590,9501,60,0x4
2025-11-03T17:40:08,271,21,RTX 3090,,2048,2048,1.631436,1.627680,1.634666,580.344000,2.833711e-01,355.022887,1.649437e-11,0.794766,0.796600,3.518437e+13,21616.27,355.02,f,4,16,1575,9501,60,0x4
2025-11-03T17:40:10,272,22,RTX 3090,,2048,2048,1.630549,1.626862,1.634566,547.101000,2.671392e-01,334.707229,1.554955e-11,0.794366,0.796167,3.518437e+13,21627.15,334.71,f,4,16,1590,9501,60,0x4
2025-11-03T17:40:11,273,23,RTX 3090,,2048,2048,1.631410,1.627533,1.637466,546.960000,2.670703e-01,334.028295,1.554554e-11,0.794694,0.796587,3.518437e+13,21618.22,334.03,f,4,16,1575,9501,60,0x4
2025-11-03T17:40:13,274,24,RTX 3090,,2048,2048,1.631561,1.627755,1.635954,583.249000,2.847896e-01,356.519188,1.657693e-11,0.794802,0.796660,3.518437e+13,21615.28,356.52,f,4,16,1575,9501,60,0x4
2025-11-03T17:40:15,275,25,RTX 3090,,2048,2048,1.633348,1.629652,1.637891,546.854000,2.670186e-01,333.876835,1.554253e-11,0.795728,0.797533,3.518437e+13,21590.12,333.88,f,4,16,1575,9501,60,0x4
2025-11-03T17:40:16,276,26,RTX 3090,,2048,2048,1.634064,1.630529,1.639206,581.224000,2.838008e-01,354.576508,1.651938e-11,0.796157,0.797883,3.518437e+13,21578.50,354.58,f,4,16,1575,9501,61,0x4
2025-11-03T17:40:18,277,27,RTX 3090,,2048,2048,1.632533,1.628742,1.636497,548.030000,2.675928e-01,334.880023,1.557595e-11,0.795284,0.797135,3.518437e+13,21602.17,334.88,f,4,16,1575,9501,61,0x4
2025-11-03T17:40:20,278,28,RTX 3090,,2048,2048,1.636900,1.633214,1.640179,545.468000,2.663418e-01,332.566181,1.550313e-11,0.797468,0.799268,3.518437e+13,21543.03,332.57,f,4,16,1560,9501,61,0x4
2025-11-03T17:40:21,279,29,RTX 3090,,2048,2048,1.622537,1.618720,1.625687,583.390000,2.848584e-01,358.857437,1.658094e-11,0.790391,0.792255,3.518437e+13,21735.92,358.86,f,4,16,1605,9501,61,0x4
2025-11-03T17:40:23,280,30,RTX 3090,,2048,2048,1.627496,1.623763,1.633555,541.564000,2.644355e-01,331.524768,1.539217e-11,0.792853,0.794676,3.518437e+13,21668.42,331.52,f,4,16,1575,9501,61,0x4
2025-11-03T17:40:25,281,31,RTX 3090,,2048,2048,1.624052,1.620113,1.627247,546.231000,2.667144e-01,335.677920,1.552482e-11,0.791071,0.792994,3.518437e+13,21717.23,335.68,f,4,16,1575,9501,61,0x4
2025-11-03T17:40:26,282,32,RTX 3090,,2048,2048,1.628394,1.624578,1.631631,581.050000,2.837158e-01,356.116133,1.651443e-11,0.793251,0.795114,3.518437e+13,21657.54,356.12,f,4,16,1575,9501,61,0x4
2025-11-03T17:40:28,283,33,RTX 3090,,2048,2048,1.623063,1.619163,1.629058,544.555000,2.658960e-01,334.275931,1.547718e-11,0.790607,0.792511,3.518437e+13,21729.97,334.28,f,4,16,1605,9501,61,0x4
2025-11-03T17:40:29,284,34,RTX 3090,,2048,2048,1.629366,1.625464,1.632530,544.407000,2.658237e-01,333.474453,1.547298e-11,0.793684,0.795589,3.518437e+13,21645.74,333.47,f,4,16,1575,9501,61,0x4
2025-11-03T17:40:31,285,35,RTX 3090,,2048,2048,1.624245,1.620621,1.627474,584.377000,2.853403e-01,359.070035,1.660899e-11,0.791319,0.793088,3.518437e+13,21710.43,359.07,f,4,16,1575,9501,61,0x4
2025-11-03T17:40:33,286,36,RTX 3090,,2048,2048,1.627960,1.624148,1.631151,543.976000,2.656133e-01,333.492027,1.546073e-11,0.793041,0.794903,3.518437e+13,21663.28,333.49,f,4,16,1575,9501,61,0x4
2025-11-03T17:40:34,287,37,RTX 3090,,2048,2048,1.625218,1.621371,1.632609,547.686000,2.674248e-01,335.466824,1.556617e-11,0.791685,0.793564,3.518437e+13,21700.39,335.47,f,4,16,1590,9501,61,0x4
2025-11-03T17:40:36,288,38,RTX 3090,,2048,2048,1.626667,1.622708,1.630754,582.375000,2.843628e-01,357.120082,1.655209e-11,0.792338,0.794271,3.518437e+13,21682.50,357.12,f,4,16,1590,9501,61,0x4
2025-11-03T17:40:38,289,39,RTX 3090,,2048,2048,1.624944,1.621250,1.629879,543.555000,2.654077e-01,333.494179,1.544876e-11,0.791626,0.793430,3.518437e+13,21702.01,333.49,f,4,16,1575,9501,62,0x4
2025-11-03T17:40:39,290,40,RTX 3090,,2048,2048,1.627208,1.623413,1.630399,545.993000,2.665981e-01,334.882985,1.551805e-11,0.792682,0.794535,3.518437e+13,21673.09,334.88,f,4,16,1575,9501,62,0x4
2025-11-03T17:40:41,291,41,RTX 3090,,2048,2048,1.626929,1.623149,1.630184,583.209000,2.847700e-01,357.756510,1.657580e-11,0.792553,0.794399,3.518437e+13,21676.61,357.76,f,4,16,1590,9501,62,0x4
2025-11-03T17:40:43,292,42,RTX 3090,,2048,2048,1.626486,1.622579,1.631201,543.652000,2.654551e-01,333.283189,1.545152e-11,0.792275,0.794183,3.518437e+13,21684.23,333.28,f,4,16,1590,9501,62,0x4
2025-11-03T17:40:44,293,43,RTX 3090,,2048,2048,1.626807,1.623001,1.630337,545.283000,2.662515e-01,334.460201,1.549787e-11,0.792481,0.794339,3.518437e+13,21678.59,334.46,f,4,16,1590,9501,62,0x4
2025-11-03T17:40:46,294,44,RTX 3090,,2048,2048,1.628332,1.624535,1.634450,582.749000,2.845454e-01,356.541405,1.656272e-11,0.793230,0.795084,3.518437e+13,21658.11,356.54,f,4,16,1575,9501,62,0x4
2025-11-03T17:40:47,295,45,RTX 3090,,2048,2048,1.627989,1.624250,1.631358,548.287000,2.677183e-01,336.092403,1.558325e-11,0.793091,0.794916,3.518437e+13,21661.92,336.09,f,4,16,1590,9501,62,0x4
2025-11-03T17:40:49,296,46,RTX 3090,,2048,2048,1.627192,1.623453,1.631555,577.275000,2.818726e-01,353.818808,1.640714e-11,0.792702,0.794527,3.518437e+13,21672.55,353.82,f,4,16,1575,9501,62,0x4
2025-11-03T17:40:51,297,47,RTX 3090,,2048,2048,1.629697,1.625951,1.632917,549.602000,2.683604e-01,336.576902,1.562063e-11,0.793921,0.795750,3.518437e+13,21639.26,336.58,f,4,16,1575,9501,62,0x4
2025-11-03T17:40:52,298,48,RTX 3090,,2048,2048,1.628364,1.624821,1.633080,547.376000,2.672734e-01,335.180125,1.555736e-11,0.793370,0.795100,3.518437e+13,21654.31,335.18,f,4,16,1590,9501,62,0x4
2025-11-03T17:40:54,299,49,RTX 3090,,2048,2048,1.627691,1.623964,1.630945,581.820000,2.840918e-01,356.737946,1.653632e-11,0.792951,0.794771,3.518437e+13,21665.73,356.74,f,4,16,1590,9501,62,0x4
2025-11-03T17:40:56,300,50,RTX 3090,,2048,2048,1.629133,1.625358,1.633850,547.175000,2.671753e-01,334.899071,1.555165e-11,0.793632,0.795475,3.518437e+13,21647.15,334.90,f,4,16,1575,9501,62,0x4
2025-11-03T17:41:30,301,1,RTX 3090,,4096,256,1.481977,1.471419,1.486191,476.778000,1.862414e+00,320.805301,1.355085e-11,5.747732,5.788971,3.518437e+13,23911.86,320.81,f,4,16,1545,9501,54,0x4
2025-11-03T17:41:31,302,2,RTX 3090,,4096,256,1.482732,1.472550,1.486062,512.373000,2.001457e+00,344.785793,1.456252e-11,5.752150,5.791922,3.518437e+13,23893.49,344.79,f,4,16,1575,9501,55,0x4
2025-11-03T17:41:33,303,3,RTX 3090,,4096,256,1.486227,1.476059,1.489413,506.129000,1.977066e+00,339.817762,1.438505e-11,5.765857,5.805576,3.518437e+13,23836.69,339.82,f,4,16,1545,9501,56,0x4
2025-11-03T17:41:34,304,4,RTX 3090,,4096,256,1.484133,1.473920,1.487334,510.634000,1.994664e+00,343.321754,1.451309e-11,5.757500,5.797395,3.518437e+13,23871.29,343.32,f,4,16,1560,9501,56,0x4
2025-11-03T17:41:36,305,5,RTX 3090,,4096,256,1.488443,1.478490,1.496660,503.161000,1.965473e+00,336.189330,1.430070e-11,5.775352,5.814230,3.518437e+13,23797.50,336.19,f,4,16,1560,9501,57,0x4
2025-11-03T17:41:37,306,6,RTX 3090,,4096,256,1.484679,1.474696,1.491875,506.473000,1.978410e+00,339.487519,1.439483e-11,5.760531,5.799529,3.518437e+13,23858.73,339.49,f,4,16,1575,9501,57,0x4
2025-11-03T17:41:39,307,7,RTX 3090,,4096,256,1.491648,1.481378,1.494810,507.342000,1.981805e+00,339.402417,1.441953e-11,5.786632,5.826748,3.518437e+13,23751.11,339.40,f,4,16,1575,9501,57,0x4
2025-11-03T17:41:40,308,8,RTX 3090,,4096,256,1.490488,1.480364,1.493683,507.607000,1.982840e+00,339.835779,1.442706e-11,5.782672,5.822219,3.518437e+13,23767.38,339.84,f,4,16,1545,9501,57,0x4
2025-11-03T17:41:42,309,9,RTX 3090,,4096,256,1.490253,1.480159,1.495362,509.963000,1.992043e+00,341.029788,1.449402e-11,5.781871,5.821301,3.518437e+13,23770.67,341.03,f,4,16,1560,9501,58,0x4
2025-11-03T17:41:43,310,10,RTX 3090,,4096,256,1.492059,1.481972,1.496545,508.522000,1.986414e+00,339.797235,1.445306e-11,5.788955,5.828355,3.518437e+13,23741.58,339.80,f,4,16,1560,9501,58,0x4
2025-11-03T17:41:45,311,11,RTX 3090,,4096,256,1.491484,1.481289,1.496573,510.109000,1.992613e+00,340.851296,1.449817e-11,5.786286,5.826109,3.518437e+13,23752.53,340.85,f,4,16,1560,9501,58,0x4
2025-11-03T17:41:46,312,12,RTX 3090,,4096,256,1.492396,1.482296,1.497117,509.462000,1.990086e+00,340.295371,1.447978e-11,5.790221,5.829673,3.518437e+13,23736.39,340.30,f,4,16,1560,9501,58,0x4
2025-11-03T17:41:48,313,13,RTX 3090,,4096,256,1.493075,1.482790,1.497251,510.196000,1.992953e+00,340.755177,1.450064e-11,5.792150,5.832325,3.518437e+13,23728.49,340.76,f,4,16,1560,9501,59,0x4
2025-11-03T17:41:49,314,14,RTX 3090,,4096,256,1.495116,1.484812,1.498278,509.318000,1.989523e+00,339.935547,1.447569e-11,5.800046,5.840296,3.518437e+13,23696.18,339.94,f,4,16,1545,9501,59,0x4
2025-11-03T17:41:51,315,15,RTX 3090,,4096,256,1.493478,1.483212,1.496696,508.920000,1.987969e+00,340.029080,1.446438e-11,5.793796,5.833900,3.518437e+13,23721.74,340.03,f,4,16,1545,9501,59,0x4
2025-11-03T17:41:52,316,16,RTX 3090,,4096,256,1.495085,1.484829,1.498257,509.208000,1.989094e+00,339.866916,1.447256e-11,5.800114,5.840178,3.518437e+13,23695.91,339.87,f,4,16,1560,9501,59,0x4
2025-11-03T17:41:54,317,17,RTX 3090,,4096,256,1.495102,1.484870,1.498369,508.146000,1.984945e+00,339.132647,1.444238e-11,5.800273,5.840242,3.518437e+13,23695.26,339.13,f,4,16,1545,9501,59,0x4
2025-11-03T17:41:55,318,18,RTX 3090,,4096,256,1.494544,1.484206,1.497751,509.643000,1.990793e+00,340.272074,1.448493e-11,5.797681,5.838064,3.518437e+13,23705.85,340.27,f,4,16,1560,9501,60,0x4
2025-11-03T17:41:57,319,19,RTX 3090,,4096,256,1.497043,1.486668,1.500303,506.710000,1.979336e+00,337.738490,1.440156e-11,5.807295,5.847824,3.518437e+13,23666.60,337.74,f,4,16,1545,9501,60,0x4
2025-11-03T17:41:58,320,20,RTX 3090,,4096,256,1.493320,1.483089,1.496552,507.122000,1.980945e+00,338.860370,1.441327e-11,5.793317,5.833283,3.518437e+13,23723.71,338.86,f,4,16,1545,9501,60,0x4
2025-11-03T17:42:00,321,21,RTX 3090,,4096,256,1.498051,1.487832,1.501257,506.292000,1.977703e+00,337.245401,1.438968e-11,5.811843,5.851763,3.518437e+13,23648.08,337.25,f,4,16,1560,9501,60,0x4
2025-11-03T17:42:01,322,22,RTX 3090,,4096,256,1.494837,1.484715,1.502231,504.681000,1.971410e+00,335.954377,1.434390e-11,5.799669,5.839207,3.518437e+13,23697.72,335.95,f,4,16,1545,9501,60,0x4
2025-11-03T17:42:03,323,23,RTX 3090,,4096,256,1.496485,1.486202,1.499843,509.149000,1.988863e+00,339.468170,1.447088e-11,5.805477,5.845643,3.518437e+13,23674.02,339.47,f,4,16,1560,9501,60,0x4
2025-11-03T17:42:04,324,24,RTX 3090,,4096,256,1.497843,1.487413,1.501063,507.721000,1.983285e+00,338.240888,1.443030e-11,5.810207,5.850950,3.518437e+13,23654.74,338.24,f,4,16,1545,9501,60,0x4
2025-11-03T17:42:06,325,25,RTX 3090,,4096,256,1.495906,1.485557,1.499332,508.766000,1.987367e+00,339.328540,1.446000e-11,5.802956,5.843385,3.518437e+13,23684.30,339.33,f,4,16,1560,9501,60,0x4
2025-11-03T17:42:07,326,26,RTX 3090,,4096,256,1.498693,1.488263,1.501969,507.003000,1.980480e+00,337.558875,1.440989e-11,5.813529,5.854269,3.518437e+13,23641.23,337.56,f,4,16,1545,9501,60,0x4
2025-11-03T17:42:09,327,27,RTX 3090,,4096,256,1.496386,1.485801,1.504020,507.732000,1.983328e+00,337.583363,1.443061e-11,5.803910,5.845258,3.518437e+13,23680.41,337.58,f,4,16,1560,9501,60,0x4
2025-11-03T17:42:10,328,28,RTX 3090,,4096,256,1.499370,1.489151,1.502806,510.932000,1.995828e+00,339.985292,1.452156e-11,5.816997,5.856913,3.518437e+13,23627.13,339.99,f,4,16,1560,9501,61,0x4
2025-11-03T17:42:12,329,29,RTX 3090,,4096,256,1.496760,1.486478,1.499858,514.363000,2.009230e+00,342.941072,1.461908e-11,5.806555,5.846719,3.518437e+13,23669.62,342.94,f,4,16,1545,9501,61,0x4
2025-11-03T17:42:13,330,30,RTX 3090,,4096,256,1.500001,1.489706,1.507146,511.739000,1.998980e+00,339.541756,1.454450e-11,5.819166,5.859380,3.518437e+13,23618.33,339.54,f,4,16,1560,9501,61,0x4
2025-11-03T17:42:15,331,31,RTX 3090,,4096,256,1.496793,1.486500,1.500158,509.847000,1.991590e+00,339.862158,1.449072e-11,5.806642,5.846849,3.518437e+13,23669.27,339.86,f,4,16,1530,9501,61,0x4
2025-11-03T17:42:16,332,32,RTX 3090,,4096,256,1.498692,1.488332,1.501930,510.626000,1.994633e+00,339.979812,1.451286e-11,5.813796,5.854266,3.518437e+13,23640.14,339.98,f,4,16,1560,9501,61,0x4
2025-11-03T17:42:18,333,33,RTX 3090,,4096,256,1.502027,1.491285,1.509392,506.997000,1.980457e+00,335.894872,1.440972e-11,5.825332,5.867294,3.518437e+13,23593.32,335.89,f,4,16,1545,9501,61,0x4
2025-11-03T17:42:19,334,34,RTX 3090,,4096,256,1.497152,1.486931,1.500512,510.748000,1.995109e+00,340.382374,1.451633e-11,5.808324,5.848248,3.518437e+13,23662.41,340.38,f,4,16,1545,9501,61,0x4
2025-11-03T17:42:21,335,35,RTX 3090,,4096,256,1.500798,1.490445,1.504238,509.095000,1.988652e+00,338.440377,1.446935e-11,5.822051,5.862492,3.518437e+13,23606.62,338.44,f,4,16,1560,9501,61,0x4
2025-11-03T17:42:22,336,36,RTX 3090,,4096,256,1.497356,1.487291,1.505220,505.794000,1.975758e+00,336.026588,1.437553e-11,5.809732,5.849046,3.518437e+13,23656.68,336.03,f,4,16,1545,9501,61,0x4
2025-11-03T17:42:24,337,37,RTX 3090,,4096,256,1.499803,1.489537,1.503139,510.336000,1.993500e+00,339.513480,1.450462e-11,5.818504,5.858606,3.518437e+13,23621.01,339.51,f,4,16,1545,9501,61,0x4
2025-11-03T17:42:25,338,38,RTX 3090,,4096,256,1.501934,1.491605,1.509886,507.039000,1.980621e+00,335.812870,1.441092e-11,5.826583,5.866930,3.518437e+13,23588.26,335.81,f,4,16,1545,9501,61,0x4
2025-11-03T17:42:27,339,39,RTX 3090,,4096,256,1.496288,1.486127,1.499682,510.318000,1.993430e+00,340.284071,1.450411e-11,5.805182,5.844873,3.518437e+13,23675.22,340.28,f,4,16,1545,9501,61,0x4
2025-11-03T17:42:28,340,40,RTX 3090,,4096,256,1.502497,1.492135,1.505702,508.880000,1.987812e+00,337.968598,1.446324e-11,5.828654,5.869128,3.518437e+13,23579.88,337.97,f,4,16,1545,9501,62,0x4
2025-11-03T17:42:30,341,41,RTX 3090,,4096,256,1.498435,1.488169,1.505089,508.524000,1.986422e+00,337.869791,1.445312e-11,5.813160,5.853260,3.518437e+13,23642.72,337.87,f,4,16,1545,9501,61,0x4
2025-11-03T17:42:32,342,42,RTX 3090,,4096,256,1.501338,1.491057,1.504577,511.615000,1.998496e+00,340.039058,1.454097e-11,5.824442,5.864602,3.518437e+13,23596.93,340.04,f,4,16,1545,9501,62,0x4
2025-11-03T17:42:33,343,43,RTX 3090,,4096,256,1.501267,1.491063,1.508090,512.895000,2.003496e+00,340.095746,1.457735e-11,5.824467,5.864325,3.518437e+13,23596.83,340.10,f,4,16,1545,9501,62,0x4
2025-11-03T17:42:35,344,44,RTX 3090,,4096,256,1.498112,1.487965,1.501501,511.407000,1.997684e+00,340.597130,1.453506e-11,5.812363,5.852000,3.518437e+13,23645.97,340.60,f,4,16,1515,9501,61,0x4
2025-11-03T17:42:36,345,45,RTX 3090,,4096,256,1.502477,1.492055,1.505744,508.668000,1.986984e+00,337.818385,1.445721e-11,5.828341,5.869051,3.518437e+13,23581.15,337.82,f,4,16,1545,9501,62,0x4
2025-11-03T17:42:38,346,46,RTX 3090,,4096,256,1.499119,1.488845,1.504487,506.227000,1.977449e+00,336.478193,1.438784e-11,5.815800,5.855932,3.518437e+13,23632.00,336.48,f,4,16,1530,9501,62,0x4
2025-11-03T17:42:39,347,47,RTX 3090,,4096,256,1.501384,1.491079,1.504637,510.524000,1.994234e+00,339.300469,1.450996e-11,5.824527,5.864783,3.518437e+13,23596.59,339.30,f,4,16,1530,9501,62,0x4
2025-11-03T17:42:41,348,48,RTX 3090,,4096,256,1.503543,1.492888,1.509155,506.840000,1.979844e+00,335.843481,1.440526e-11,5.831592,5.873215,3.518437e+13,23568.00,335.84,f,4,16,1545,9501,62,0x4
2025-11-03T17:42:42,349,49,RTX 3090,,4096,256,1.498061,1.487773,1.501489,511.524000,1.998141e+00,340.677865,1.453839e-11,5.811614,5.851801,3.518437e+13,23649.01,340.68,f,4,16,1545,9501,62,0x4
2025-11-03T17:42:44,350,50,RTX 3090,,4096,256,1.504311,1.494040,1.511919,507.381000,1.981957e+00,335.587338,1.442064e-11,5.836092,5.876217,3.518437e+13,23549.82,335.59,f,4,16,1530,9501,62,0x4
2025-11-03T17:43:18,351,1,RTX 3090,,8192,32,1.452359,1.415380,1.455947,509.273000,1.591478e+01,349.788221,1.447441e-11,44.230621,45.386225,3.518437e+13,24858.61,349.79,f,4,16,1545,9501,55,0x4
2025-11-03T17:43:19,352,2,RTX 3090,,8192,32,1.451878,1.415628,1.455178,473.143000,1.478572e+01,325.144437,1.344753e-11,44.238362,45.371201,3.518437e+13,24854.26,325.14,f,4,16,1545,9501,55,0x4
2025-11-03T17:43:21,353,3,RTX 3090,,8192,32,1.454676,1.417869,1.458037,480.441000,1.501378e+01,329.512129,1.365495e-11,44.308413,45.458630,3.518437e+13,24814.96,329.51,f,4,16,1545,9501,56,0x4
2025-11-03T17:43:22,354,4,RTX 3090,,8192,32,1.455551,1.419148,1.458793,507.555000,1.586109e+01,347.928122,1.442558e-11,44.348389,45.485955,3.518437e+13,24792.59,347.93,f,4,16,1545,9501,56,0x4
2025-11-03T17:43:24,355,5,RTX 3090,,8192,32,1.453405,1.417110,1.457531,475.278000,1.485244e+01,326.084295,1.350821e-11,44.284683,45.418918,3.518437e+13,24828.26,326.08,f,4,16,1545,9501,57,0x4
2025-11-03T17:43:25,356,6,RTX 3090,,8192,32,1.455782,1.419470,1.459051,512.773000,1.602416e+01,351.442790,1.457389e-11,44.358440,45.493174,3.518437e+13,24786.98,351.44,f,4,16,1470,9501,56,0x4
2025-11-03T17:43:27,357,7,RTX 3090,,8192,32,1.455559,1.419211,1.464109,507.277000,1.585241e+01,346.474787,1.441768e-11,44.350352,45.486223,3.518437e+13,24791.50,346.47,f,4,16,1485,9501,57,0x4
2025-11-03T17:43:28,358,8,RTX 3090,,8192,32,1.458386,1.421897,1.461765,477.447000,1.492022e+01,326.623625,1.356986e-11,44.434275,45.574572,3.518437e+13,24744.67,326.62,f,4,16,1485,9501,57,0x4
2025-11-03T17:43:29,359,9,RTX 3090,,8192,32,1.457857,1.421421,1.461085,513.500000,1.604688e+01,351.451071,1.459455e-11,44.419400,45.558028,3.518437e+13,24752.96,351.45,f,4,16,1485,9501,57,0x4
2025-11-03T17:43:31,360,10,RTX 3090,,8192,32,1.458832,1.422380,1.462001,508.020000,1.587562e+01,347.482642,1.443880e-11,44.449389,45.588501,3.518437e+13,24736.26,347.48,f,4,16,1515,9501,58,0x4
2025-11-03T17:43:32,361,11,RTX 3090,,8192,32,1.459113,1.422688,1.464471,478.081000,1.494003e+01,326.452957,1.358788e-11,44.458997,45.597266,3.518437e+13,24730.91,326.45,f,4,16,1500,9501,58,0x4
2025-11-03T17:43:34,362,12,RTX 3090,,8192,32,1.458649,1.422176,1.461990,512.702000,1.602194e+01,350.687790,1.457187e-11,44.442993,45.582790,3.518437e+13,24739.82,350.69,f,4,16,1515,9501,58,0x4
2025-11-03T17:43:35,363,13,RTX 3090,,8192,32,1.459941,1.423461,1.463100,508.399000,1.588747e+01,347.480759,1.444957e-11,44.483162,45.623165,3.518437e+13,24717.48,347.48,f,4,16,1515,9501,58,0x4
2025-11-03T17:43:37,364,14,RTX 3090,,8192,32,1.460917,1.424492,1.465255,477.704000,1.492825e+01,326.021169,1.357716e-11,44.515390,45.653649,3.518437e+13,24699.58,326.02,f,4,16,1515,9501,59,0x4
2025-11-03T17:43:38,365,15,RTX 3090,,8192,32,1.462230,1.425854,1.465739,513.206000,1.603769e+01,350.134696,1.458619e-11,44.557948,45.694686,3.518437e+13,24675.99,350.13,f,4,16,1530,9501,59,0x4
2025-11-03T17:43:40,366,16,RTX 3090,,8192,32,1.461130,1.424783,1.467902,507.627000,1.586334e+01,345.818030,1.442763e-11,44.524483,45.660306,3.518437e+13,24694.54,345.82,f,4,16,1530,9501,59,0x4
2025-11-03T17:43:41,367,17,RTX 3090,,8192,32,1.461347,1.425104,1.465583,477.759000,1.492997e+01,325.985586,1.357873e-11,44.534512,45.667086,3.518437e+13,24688.98,325.99,f,4,16,1545,9501,59,0x4
2025-11-03T17:43:43,368,18,RTX 3090,,8192,32,1.463194,1.426768,1.467322,512.885000,1.602766e+01,349.538112,1.457707e-11,44.586502,45.724820,3.518437e+13,24660.19,349.54,f,4,16,1530,9501,59,0x4
2025-11-03T17:43:44,369,19,RTX 3090,,8192,32,1.464052,1.427692,1.467842,509.534000,1.592294e+01,347.131484,1.448183e-11,44.615377,45.751628,3.518437e+13,24644.23,347.13,f,4,16,1530,9501,60,0x4
2025-11-03T17:43:46,370,20,RTX 3090,,8192,32,1.464097,1.427750,1.470870,473.935000,1.481047e+01,322.213955,1.347004e-11,44.617195,45.753036,3.518437e+13,24643.23,322.21,f,4,16,1530,9501,60,0x4
2025-11-03T17:43:47,371,21,RTX 3090,,8192,32,1.467630,1.431198,1.471768,479.683000,1.499009e+01,325.923072,1.363341e-11,44.724938,45.863435,3.518437e+13,24583.86,325.92,f,4,16,1530,9501,60,0x4
2025-11-03T17:43:49,372,22,RTX 3090,,8192,32,1.463028,1.426661,1.466645,514.345000,1.607328e+01,350.694924,1.461856e-11,44.583157,45.719635,3.518437e+13,24662.04,350.69,f,4,16,1455,9501,60,0x4
2025-11-03T17:43:50,373,23,RTX 3090,,8192,32,1.463981,1.427685,1.471243,507.297000,1.585303e+01,344.808488,1.441825e-11,44.615149,45.749411,3.518437e+13,24644.36,344.81,f,4,16,1470,9501,60,0x4
2025-11-03T17:43:51,374,24,RTX 3090,,8192,32,1.468552,1.432159,1.473407,474.991000,1.484347e+01,322.375904,1.350006e-11,44.754971,45.892257,3.518437e+13,24567.36,322.38,f,4,16,1455,9501,60,0x4
2025-11-03T17:43:53,375,25,RTX 3090,,8192,32,1.465706,1.429455,1.473704,511.274000,1.597731e+01,346.931190,1.453128e-11,44.670466,45.803312,3.518437e+13,24613.84,346.93,f,4,16,1470,9501,60,0x4
2025-11-03T17:43:54,376,26,RTX 3090,,8192,32,1.463443,1.426993,1.466840,513.191000,1.603722e+01,349.861686,1.458577e-11,44.593524,45.732595,3.518437e+13,24656.31,349.86,f,4,16,1485,9501,60,0x4
2025-11-03T17:43:56,377,27,RTX 3090,,8192,32,1.466040,1.429682,1.469431,508.325000,1.588516e+01,345.933296,1.444747e-11,44.677556,45.813762,3.518437e+13,24609.93,345.93,f,4,16,1500,9501,60,0x4
2025-11-03T17:43:57,378,28,RTX 3090,,8192,32,1.465385,1.428795,1.469161,478.426000,1.495081e+01,325.645692,1.359768e-11,44.649843,45.793280,3.518437e+13,24625.21,325.65,f,4,16,1515,9501,60,0x4
2025-11-03T17:43:59,379,29,RTX 3090,,8192,32,1.466060,1.429701,1.471177,511.764000,1.599263e+01,347.860170,1.454521e-11,44.678148,45.814361,3.518437e+13,24609.61,347.86,f,4,16,1515,9501,60,0x4
2025-11-03T17:44:00,380,30,RTX 3090,,8192,32,1.467844,1.431400,1.471603,507.820000,1.586937e+01,345.079417,1.443311e-11,44.731263,45.870110,3.518437e+13,24580.38,345.08,f,4,16,1500,9501,61,0x4
2025-11-03T17:44:02,381,31,RTX 3090,,8192,32,1.466876,1.430555,1.473837,510.611000,1.595659e+01,346.450224,1.451244e-11,44.704828,45.839861,3.518437e+13,24594.92,346.45,f,4,16,1515,9501,61,0x4
2025-11-03T17:44:03,382,32,RTX 3090,,8192,32,1.467015,1.430681,1.470404,479.048000,1.497025e+01,325.793370,1.361536e-11,44.708792,45.844205,3.518437e+13,24592.74,325.79,f,4,16,1515,9501,61,0x4
2025-11-03T17:44:05,383,33,RTX 3090,,8192,32,1.468762,1.432284,1.473773,512.215000,1.600672e+01,347.553524,1.455803e-11,44.758864,45.898806,3.518437e+13,24565.23,347.55,f,4,16,1530,9501,61,0x4
2025-11-03T17:44:06,384,34,RTX 3090,,8192,32,1.467236,1.430767,1.475190,510.104000,1.594075e+01,345.788724,1.449803e-11,44.711474,45.851134,3.518437e+13,24591.26,345.79,f,4,16,1515,9501,61,0x4
2025-11-03T17:44:08,385,35,RTX 3090,,8192,32,1.467193,1.430899,1.470540,509.307000,1.591584e+01,346.340053,1.447538e-11,44.715602,45.849785,3.518437e+13,24588.99,346.34,f,4,16,1530,9501,61,0x4
2025-11-03T17:44:09,386,36,RTX 3090,,8192,32,1.468554,1.432103,1.473222,476.436000,1.488862e+01,323.397258,1.354113e-11,44.753216,45.892302,3.518437e+13,24568.33,323.40,f,4,16,1515,9501,61,0x4
2025-11-03T17:44:11,387,37,RTX 3090,,8192,32,1.468795,1.432492,1.476855,513.945000,1.606078e+01,347.999625,1.460720e-11,44.765376,45.899857,3.518437e+13,24561.65,348.00,f,4,16,1530,9501,61,0x4
2025-11-03T17:44:12,388,38,RTX 3090,,8192,32,1.469125,1.432397,1.473126,512.824000,1.602575e+01,348.119677,1.457533e-11,44.762418,45.910157,3.518437e+13,24563.28,348.12,f,4,16,1530,9501,61,0x4
2025-11-03T17:44:14,389,39,RTX 3090,,8192,32,1.469734,1.433240,1.477711,505.736000,1.580425e+01,342.242732,1.437388e-11,44.788737,45.929175,3.518437e+13,24548.84,342.24,f,4,16,1530,9501,61,0x4
2025-11-03T17:44:15,390,40,RTX 3090,,8192,32,1.467873,1.431418,1.474841,508.902000,1.590319e+01,345.055390,1.446386e-11,44.731818,45.871034,3.518437e+13,24580.08,345.06,f,4,16,1515,9501,61,0x4
2025-11-03T17:44:17,391,41,RTX 3090,,8192,32,1.469209,1.432840,1.477185,479.715000,1.499109e+01,324.749463,1.363432e-11,44.776246,45.912787,3.518437e+13,24555.69,324.75,f,4,16,1530,9501,62,0x4
2025-11-03T17:44:18,392,42,RTX 3090,,8192,32,1.468507,1.432036,1.475807,513.240000,1.603875e+01,347.768950,1.458716e-11,44.751126,45.890834,3.518437e+13,24569.47,347.77,f,4,16,1455,9501,61,0x4
2025-11-03T17:44:20,393,43,RTX 3090,,8192,32,1.470878,1.434400,1.474184,508.873000,1.590228e+01,345.189546,1.446304e-11,44.825003,45.964926,3.518437e+13,24528.98,345.19,f,4,16,1455,9501,61,0x4
2025-11-03T17:44:21,394,44,RTX 3090,,8192,32,1.469887,1.433474,1.473198,510.366000,1.594894e+01,346.434099,1.450547e-11,44.796053,45.933969,3.518437e+13,24544.83,346.43,f,4,16,1455,9501,61,0x4
2025-11-03T17:44:22,395,45,RTX 3090,,8192,32,1.469964,1.433637,1.474032,477.248000,1.491400e+01,323.770385,1.356420e-11,44.801153,45.936365,3.518437e+13,24542.04,323.77,f,4,16,1485,9501,62,0x4
2025-11-03T17:44:24,396,46,RTX 3090,,8192,32,1.468359,1.431946,1.471722,513.929000,1.606028e+01,349.202582,1.460674e-11,44.748317,45.886222,3.518437e+13,24571.02,349.20,f,4,16,1485,9501,61,0x4
2025-11-03T17:44:25,397,47,RTX 3090,,8192,32,1.470522,1.434190,1.474749,509.722000,1.592881e+01,345.633145,1.448717e-11,44.818450,45.953821,3.518437e+13,24532.57,345.63,f,4,16,1485,9501,62,0x4
2025-11-03T17:44:27,398,48,RTX 3090,,8192,32,1.469867,1.433532,1.476017,507.830000,1.586969e+01,344.054192,1.443340e-11,44.797882,45.933332,3.518437e+13,24543.83,344.05,f,4,16,1500,9501,62,0x4
2025-11-03T17:44:28,399,49,RTX 3090,,8192,32,1.470366,1.434043,1.476411,509.103000,1.590947e+01,344.824717,1.446958e-11,44.813856,45.948923,3.518437e+13,24535.08,344.82,f,4,16,1500,9501,62,0x4
2025-11-03T17:44:30,400,50,RTX 3090,,8192,32,1.470137,1.433894,1.476346,479.676000,1.498987e+01,324.907677,1.363321e-11,44.809192,45.941785,3.518437e+13,24537.64,324.91,f,4,16,1500,9501,62,0x4
2025-11-03T17:45:04,401,1,RTX 3090,,16384,4,1.593735,1.448684,1.601403,537.131000,1.342827e+02,335.412785,1.526618e-11,362.170905,398.433775,3.518437e+13,24287.13,335.41,f,4,16,1470,9501,54,0x4
2025-11-03T17:45:05,402,2,RTX 3090,,16384,4,1.591810,1.447020,1.598822,527.052000,1.317630e+02,329.650132,1.497972e-11,361.755043,397.952586,3.518437e+13,24315.05,329.65,f,4,16,1440,9501,54,0x4
2025-11-03T17:45:07,403,3,RTX 3090,,16384,4,1.594791,1.450432,1.599116,527.147000,1.317868e+02,329.649013,1.498242e-11,362.608075,398.697674,3.518437e+13,24257.85,329.65,f,4,16,1785,9501,55,0x4
2025-11-03T17:45:09,404,4,RTX 3090,,16384,4,1.592997,1.448695,1.596691,528.225000,1.320563e+02,330.824760,1.501306e-11,362.173676,398.249149,3.518437e+13,24286.95,330.82,f,4,16,1470,9501,55,0x4
2025-11-03T17:45:10,405,5,RTX 3090,,16384,4,1.594895,1.450681,1.598039,528.034000,1.320085e+02,330.426198,1.500763e-11,362.670153,398.723841,3.518437e+13,24253.70,330.43,f,4,16,1455,9501,56,0x4
2025-11-03T17:45:12,406,6,RTX 3090,,16384,4,1.597766,1.453470,1.600951,506.985000,1.267463e+02,316.677385,1.440938e-11,363.367409,399.441451,3.518437e+13,24207.16,316.68,f,4,16,1485,9501,56,0x4
2025-11-03T17:45:13,407,7,RTX 3090,,16384,4,1.598329,1.454167,1.601297,533.336000,1.333340e+02,333.065079,1.515832e-11,363.541782,399.582356,3.518437e+13,24195.55,333.07,f,4,16,1440,9501,56,0x4
2025-11-03T17:45:15,408,8,RTX 3090,,16384,4,1.599995,1.455775,1.606011,534.595000,1.336488e+02,332.871312,1.519410e-11,363.943756,399.998784,3.518437e+13,24168.83,332.87,f,4,16,1575,9501,57,0x4
2025-11-03T17:45:17,409,9,RTX 3090,,16384,4,1.601862,1.457555,1.604970,534.434000,1.336085e+02,332.986914,1.518953e-11,364.388674,400.465548,3.518437e+13,24139.32,332.99,f,4,16,1455,9501,57,0x4
2025-11-03T17:45:18,410,10,RTX 3090,,16384,4,1.602006,1.457666,1.607604,535.531000,1.338827e+02,333.123625,1.522071e-11,364.416480,400.501609,3.518437e+13,24137.47,333.12,f,4,16,1455,9501,57,0x4
2025-11-03T17:45:20,411,11,RTX 3090,,16384,4,1.604196,1.459844,1.607479,534.749000,1.336873e+02,332.663187,1.519848e-11,364.960879,401.048899,3.518437e+13,24101.47,332.66,f,4,16,1500,9501,57,0x4
2025-11-03T17:45:22,412,12,RTX 3090,,16384,4,1.603414,1.459010,1.611053,531.251000,1.328127e+02,329.753994,1.509906e-11,364.752442,400.853395,3.518437e+13,24115.24,329.75,f,4,16,1410,9501,57,0x4
2025-11-03T17:45:23,413,13,RTX 3090,,16384,4,1.603711,1.459534,1.611156,530.889000,1.327223e+02,329.508084,1.508877e-11,364.883512,400.927782,3.518437e+13,24106.58,329.51,f,4,16,1455,9501,58,0x4
2025-11-03T17:45:25,414,14,RTX 3090,,16384,4,1.607063,1.462766,1.610303,528.745000,1.321863e+02,328.351312,1.502784e-11,365.691572,401.765734,3.518437e+13,24053.31,328.35,f,4,16,1440,9501,58,0x4
2025-11-03T17:45:26,415,15,RTX 3090,,16384,4,1.605843,1.461626,1.610639,526.299000,1.315747e+02,326.764151,1.495832e-11,365.406513,401.460677,3.518437e+13,24072.08,326.76,f,4,16,1455,9501,58,0x4
2025-11-03T17:45:28,416,16,RTX 3090,,16384,4,1.609319,1.465025,1.612740,533.756000,1.334390e+02,330.962279,1.517026e-11,366.256326,402.329654,3.518437e+13,24016.22,330.96,f,4,16,1410,9501,58,0x4
2025-11-03T17:45:30,417,17,RTX 3090,,16384,4,1.610422,1.466234,1.614395,537.454000,1.343635e+02,332.913588,1.527536e-11,366.558433,402.605444,3.518437e+13,23996.43,332.91,f,4,16,1440,9501,59,0x4
2025-11-03T17:45:31,418,18,RTX 3090,,16384,4,1.612943,1.468683,1.616916,532.069000,1.330172e+02,329.064083,1.512231e-11,367.170811,403.235674,3.518437e+13,23956.41,329.06,f,4,16,1425,9501,59,0x4
2025-11-03T17:45:33,419,19,RTX 3090,,16384,4,1.616443,1.472228,1.619577,528.012000,1.320030e+02,326.018402,1.500700e-11,368.057042,404.110849,3.518437e+13,23898.72,326.02,f,4,16,1440,9501,59,0x4
2025-11-03T17:45:34,420,20,RTX 3090,,16384,4,1.613451,1.469080,1.616579,526.962000,1.317405e+02,325.973590,1.497716e-11,367.269993,403.362840,3.518437e+13,23949.94,325.97,f,4,16,1410,9501,59,0x4
2025-11-03T17:45:36,421,21,RTX 3090,,16384,4,1.614500,1.470185,1.617605,533.287000,1.333218e+02,329.676978,1.515693e-11,367.546350,403.624952,3.518437e+13,23931.93,329.68,f,4,16,1500,9501,59,0x4
2025-11-03T17:45:38,422,22,RTX 3090,,16384,4,1.615886,1.471546,1.618999,535.674000,1.339185e+02,330.867308,1.522477e-11,367.886573,403.971463,3.518437e+13,23909.80,330.87,f,4,16,1425,9501,59,0x4
2025-11-03T17:45:39,423,23,RTX 3090,,16384,4,1.615026,1.470699,1.618116,531.700000,1.329250e+02,328.592037,1.511182e-11,367.674649,403.756618,3.518437e+13,23923.58,328.59,f,4,16,1440,9501,59,0x4
2025-11-03T17:45:41,424,24,RTX 3090,,16384,4,1.616658,1.472485,1.619774,526.735000,1.316838e+02,325.190335,1.497071e-11,368.121207,404.164493,3.518437e+13,23894.56,325.19,f,4,16,1440,9501,59,0x4
2025-11-03T17:45:43,425,25,RTX 3090,,16384,4,1.617553,1.473297,1.623809,550.222000,1.375555e+02,338.846457,1.563825e-11,368.324220,404.388160,3.518437e+13,23881.39,338.85,f,4,16,1590,9501,60,0x4
2025-11-03T17:45:44,426,26,RTX 3090,,16384,4,1.618123,1.473894,1.621558,536.133000,1.340333e+02,330.628332,1.523782e-11,368.473589,404.530793,3.518437e+13,23871.71,330.63,f,4,16,1425,9501,60,0x4
2025-11-03T17:45:46,427,27,RTX 3090,,16384,4,1.619951,1.475714,1.623064,531.722000,1.329305e+02,327.603929,1.511245e-11,368.928552,404.987693,3.518437e+13,23842.27,327.60,f,4,16,1425,9501,60,0x4
2025-11-03T17:45:47,428,28,RTX 3090,,16384,4,1.616464,1.472126,1.624967,525.649000,1.314123e+02,323.482976,1.493984e-11,368.031561,404.115975,3.518437e+13,23900.38,323.48,f,4,16,1410,9501,60,0x4
2025-11-03T17:45:49,429,29,RTX 3090,,16384,4,1.619108,1.474838,1.624069,553.795000,1.384487e+02,340.992190,1.573980e-11,368.709415,404.776990,3.518437e+13,23856.44,340.99,f,4,16,1515,9501,60,0x4
2025-11-03T17:45:51,430,30,RTX 3090,,16384,4,1.620827,1.476531,1.623920,535.715000,1.339288e+02,329.890002,1.522594e-11,369.132698,405.206650,3.518437e+13,23829.08,329.89,f,4,16,1410,9501,60,0x4
2025-11-03T17:45:52,431,31,RTX 3090,,16384,4,1.617902,1.473703,1.624342,528.455000,1.321138e+02,325.334796,1.501959e-11,368.425786,404.475421,3.518437e+13,23874.80,325.33,f,4,16,1440,9501,60,0x4
2025-11-03T17:45:54,432,32,RTX 3090,,16384,4,1.618447,1.474062,1.621706,527.336000,1.318340e+02,325.173540,1.498779e-11,368.515521,404.611647,3.518437e+13,23868.99,325.17,f,4,16,1410,9501,60,0x4
2025-11-03T17:45:56,433,33,RTX 3090,,16384,4,1.619667,1.475462,1.623404,535.042000,1.337605e+02,329.580309,1.520681e-11,368.865609,404.916853,3.518437e+13,23846.34,329.58,f,4,16,1425,9501,60,0x4
2025-11-03T17:45:57,434,34,RTX 3090,,16384,4,1.618905,1.474519,1.626091,533.523000,1.333808e+02,328.101539,1.516364e-11,368.629843,404.726177,3.518437e+13,23861.59,328.10,f,4,16,1425,9501,60,0x4
2025-11-03T17:45:59,435,35,RTX 3090,,16384,4,1.622579,1.478305,1.625753,528.734000,1.321835e+02,325.223985,1.502752e-11,369.576335,405.644655,3.518437e+13,23800.48,325.22,f,4,16,1440,9501,60,0x4
2025-11-03T17:46:00,436,36,RTX 3090,,16384,4,1.621220,1.476859,1.628751,551.566000,1.378915e+02,338.643504,1.567645e-11,369.214863,405.304879,3.518437e+13,23823.78,338.64,f,4,16,1410,9501,60,0x4
2025-11-03T17:46:02,437,37,RTX 3090,,16384,4,1.621256,1.476916,1.624363,535.482000,1.338705e+02,329.656573,1.521931e-11,369.228929,405.313998,3.518437e+13,23822.87,329.66,f,4,16,1440,9501,61,0x4
2025-11-03T17:46:04,438,38,RTX 3090,,16384,4,1.620680,1.476463,1.628399,529.641000,1.324102e+02,325.252687,1.505330e-11,369.115680,405.169964,3.518437e+13,23830.18,325.25,f,4,16,1425,9501,61,0x4
2025-11-03T17:46:05,439,39,RTX 3090,,16384,4,1.618891,1.474603,1.622012,528.017000,1.320043e+02,325.532185,1.500715e-11,368.650794,404.722780,3.518437e+13,23860.23,325.53,f,4,16,1440,9501,60,0x4
2025-11-03T17:46:07,440,40,RTX 3090,,16384,4,1.622407,1.478183,1.628573,535.560000,1.338900e+02,328.852326,1.522153e-11,369.545758,405.601799,3.518437e+13,23802.45,328.85,f,4,16,1395,9501,60,0x4
2025-11-03T17:46:09,441,41,RTX 3090,,16384,4,1.621135,1.476903,1.624362,534.356000,1.335890e+02,328.963523,1.518731e-11,369.225830,405.283749,3.518437e+13,23823.07,328.96,f,4,16,1425,9501,61,0x4
2025-11-03T17:46:10,442,42,RTX 3090,,16384,4,1.622164,1.478044,1.629031,528.419000,1.321047e+02,324.376305,1.501857e-11,369.511098,405.541033,3.518437e+13,23804.68,324.38,f,4,16,1425,9501,61,0x4
2025-11-03T17:46:12,443,43,RTX 3090,,16384,4,1.622217,1.478046,1.627475,553.424000,1.383560e+02,340.050662,1.572926e-11,369.511425,405.554235,3.518437e+13,23804.66,340.05,f,4,16,1440,9501,60,0x4
2025-11-03T17:46:13,444,44,RTX 3090,,16384,4,1.619791,1.475523,1.627828,535.448000,1.338620e+02,328.934063,1.521835e-11,368.880808,404.947758,3.518437e+13,23845.35,328.93,f,4,16,1395,9501,60,0x4
2025-11-03T17:46:15,445,45,RTX 3090,,16384,4,1.621857,1.477493,1.625119,528.933000,1.322332e+02,325.473450,1.503318e-11,369.373351,405.464143,3.518437e+13,23813.56,325.47,f,4,16,1425,9501,61,0x4
2025-11-03T17:46:17,446,46,RTX 3090,,16384,4,1.624008,1.479647,1.628150,550.773000,1.376933e+02,338.281463,1.565391e-11,369.911849,406.001925,3.518437e+13,23778.89,338.28,f,4,16,1410,9501,61,0x4
2025-11-03T17:46:18,447,47,RTX 3090,,16384,4,1.621953,1.477597,1.625214,535.941000,1.339853e+02,329.766447,1.523236e-11,369.399250,405.488342,3.518437e+13,23811.89,329.77,f,4,16,1470,9501,60,0x4
2025-11-03T17:46:20,448,48,RTX 3090,,16384,4,1.621099,1.476782,1.628203,530.267000,1.325668e+02,325.676286,1.507109e-11,369.195491,405.274868,3.518437e+13,23825.03,325.68,f,4,16,1395,9501,61,0x4
2025-11-03T17:46:22,449,49,RTX 3090,,16384,4,1.623416,1.479150,1.626548,550.327000,1.375817e+02,338.340425,1.564123e-11,369.787604,405.853987,3.518437e+13,23786.88,338.34,f,4,16,1425,9501,61,0x4
2025-11-03T17:46:23,450,50,RTX 3090,,16384,4,1.622792,1.478419,1.626938,534.206000,1.335515e+02,328.350657,1.518305e-11,369.604707,405.698031,3.518437e+13,23798.65,328.35,f,4,16,1410,9501,61,0x4
